Company_Name,Model_Name,Mobile_Weight,RAM,Front_Camera,Back_Camera,secondery_C,third_Cm,Processor,Battery_Capacity,Screen_Size,Launched_Price_China,Launched_Price_USA,Launched_Price_Dubai,Launched_Year,Launched_Price_Pakistan,Launched_Price_India
Apple,iPhone 16 128GB,174,6,12,48,N/A,N/A,A17 Bionic,3600,6.1,5799,799,2799,2024,224999,79999
Apple,iPhone 16 256GB,174,6,12,48,N/A,N/A,A17 Bionic,3600,6.1,6099,849,2999,2024,234999,84999
Apple,iPhone 16 512GB,174,6,12,48,N/A,N/A,A17 Bionic,3600,6.1,6499,899,3199,2024,244999,89999
Apple,iPhone 16 Plus 128GB,203,6,12,48,N/A,N/A,A17 Bionic,4200,6.7,6199,899,3199,2024,249999,89999
Apple,iPhone 16 Plus 256GB,203,6,12,48,N/A,N/A,A17 Bionic,4200,6.7,6499,949,3399,2024,259999,94999
Apple,iPhone 16 Plus 512GB,203,6,12,48,N/A,N/A,A17 Bionic,4200,6.7,6999,999,3599,2024,274999,104999
Apple,iPhone 16 Pro 128GB,206,6,12,50,12,N/A,A17 Pro,4400,6.1,6999,999,3499,2024,284999,99999
Apple,iPhone 16 Pro 256GB,206,8,12,50,12,N/A,A17 Pro,4400,6.1,7099,1049,3699,2024,294999,104999
Apple,iPhone 16 Pro 512GB,206,8,12,50,12,N/A,A17 Pro,4400,6.1,7499,1099,3899,2024,314999,114999
Apple,iPhone 16 Pro Max 128GB,221,6,12,48,12,N/A,A17 Pro,4500,6.7,7499,1099,3799,2024,314999,109999
Apple,iPhone 16 Pro Max 256GB,221,8,12,48,12,N/A,A17 Pro,4500,6.7,7799,1199,3999,2024,324999,114999
Apple,iPhone 16 Pro Max 512GB,221,8,12,48,12,N/A,A17 Pro,4500,6.7,8199,1299,4199,2024,344999,124999
Apple,iPhone 15 128GB,171,6,12,48,N/A,N/A,A16 Bionic,3200,6.1,5299,799,2699,2023,204999,74999
Apple,iPhone 15 256GB,171,6,12,48,N/A,N/A,A16 Bionic,3200,6.1,5599,849,2999,2023,214999,79999
Apple,iPhone 15 512GB,171,6,12,48,N/A,N/A,A16 Bionic,3200,6.1,5999,949,3199,2023,224999,89999
Apple,iPhone 15 Plus 128GB,203,6,12,48,N/A,N/A,A16 Bionic,4300,6.7,5699,899,3199,2023,234999,84999
Apple,iPhone 15 Plus 256GB,203,6,12,48,N/A,N/A,A16 Bionic,4300,6.7,6199,999,3399,2023,244999,94999
Apple,iPhone 15 Plus 512GB,203,6,12,48,N/A,N/A,A16 Bionic,4300,6.7,6799,1049,3599,2023,264999,104999
Apple,iPhone 15 Pro 128GB,206,6,12,48,12,N/A,A16 Bionic,4400,6.1,6999,1099,3599,2023,274999,99999
Apple,iPhone 15 Pro 256GB,206,8,12,48,12,N/A,A16 Bionic,4400,6.1,7299,1199,3799,2023,284999,109999
Apple,iPhone 15 Pro 512GB,206,8,12,48,12,N/A,A16 Bionic,4400,6.1,7799,1299,4199,2023,304999,119999
Apple,iPhone 15 Pro Max 128GB,221,6,12,48,12,N/A,A16 Bionic,4500,6.7,7999,1199,3899,2023,314999,114999
Apple,iPhone 15 Pro Max 256GB,221,8,12,48,12,N/A,A16 Bionic,4500,6.7,8199,1299,4199,2023,324999,124999
Apple,iPhone 15 Pro Max 512GB,221,8,12,48,12,N/A,A16 Bionic,4500,6.7,8699,1399,4399,2023,344999,134999
Apple,iPhone 14 128GB,172,6,12,12,12,N/A,A15 Bionic,3200,6.1,5199,799,2699,2022,184999,69999
Apple,iPhone 14 256GB,172,6,12,12,12,N/A,A15 Bionic,3200,6.1,5599,849,2999,2022,194999,74999
Apple,iPhone 14 512GB,172,6,12,12,12,N/A,A15 Bionic,3200,6.1,5999,949,3199,2022,204999,84999
Apple,iPhone 14 Plus 128GB,203,6,12,12,12,N/A,A15 Bionic,4325,6.7,5499,899,3199,2022,204999,79999
Apple,iPhone 14 Plus 256GB,203,6,12,12,12,N/A,A15 Bionic,4325,6.7,5899,999,3399,2022,214999,84999
Apple,iPhone 14 Plus 512GB,203,6,12,12,12,N/A,A15 Bionic,4325,6.7,6299,1049,3599,2022,224999,94999
Apple,iPhone 14 Pro 128GB,206,6,12,48,12,N/A,A16 Bionic,4200,6.1,7199,1099,3699,2022,294999,109999
Apple,iPhone 14 Pro 256GB,206,8,12,48,12,N/A,A16 Bionic,4200,6.1,7499,1199,3899,2022,304999,119999
Apple,iPhone 14 Pro 512GB,206,8,12,48,12,N/A,A16 Bionic,4200,6.1,7999,1299,4199,2022,324999,134999
Apple,iPhone 14 Pro Max 128GB,221,6,12,48,12,N/A,A16 Bionic,4500,6.7,8099,1199,3999,2022,324999,124999
Apple,iPhone 14 Pro Max 256GB,221,8,12,48,12,N/A,A16 Bionic,4500,6.7,8499,1299,4199,2022,344999,134999
Apple,iPhone 14 Pro Max 512GB,221,8,12,48,12,N/A,A16 Bionic,4500,6.7,8999,1399,4499,2022,364999,144999
Apple,iPhone 13 mini 128GB,140,4,12,12,N/A,N/A,A15 Bionic,2438,5.4,5199,699,2599,2021,174999,69900
Apple,iPhone 13 mini 256GB,140,4,12,12,N/A,N/A,A15 Bionic,2438,5.4,5599,799,2999,2021,184999,74900
Apple,iPhone 13 mini 512GB,140,4,12,12,N/A,N/A,A15 Bionic,2438,5.4,5999,899,3299,2021,194999,84900
Apple,iPhone 13 128GB,174,4,12,12,12,N/A,A15 Bionic,3240,6.1,5499,799,2999,2021,194999,74900
Apple,iPhone 13 256GB,174,4,12,12,12,N/A,A15 Bionic,3240,6.1,5899,899,3199,2021,204999,84900
Apple,iPhone 13 512GB,174,4,12,12,12,N/A,A15 Bionic,3240,6.1,6299,999,3599,2021,224999,94900
Apple,iPhone 13 Pro 128GB,204,6,12,12,12,12,A15 Bionic,3095,6.1,7299,999,3999,2021,294999,119900
Apple,iPhone 13 Pro 256GB,204,6,12,12,12,12,A15 Bionic,3095,6.1,7699,1099,4199,2021,314999,129900
Apple,iPhone 13 Pro 512GB,204,6,12,12,12,12,A15 Bionic,3095,6.1,8199,1199,4399,2021,344999,139900
Apple,iPhone 13 Pro Max 128GB,238,6,12,12,12,12,A15 Bionic,4352,6.7,8299,1099,4199,2021,324999,129900
Apple,iPhone 13 Pro Max 256GB,238,6,12,12,12,12,A15 Bionic,4352,6.7,8799,1199,4399,2021,354999,139900
Apple,iPhone 13 Pro Max 512GB,238,6,12,12,12,12,A15 Bionic,4352,6.7,9199,1399,4599,2021,384999,149900
Apple,iPhone 12 mini 64GB,135,4,12,12,N/A,N/A,A14 Bionic,2227,5.4,5199,699,2599,2020,174999,69900
Apple,iPhone 12 mini 128GB,135,4,12,12,N/A,N/A,A14 Bionic,2227,5.4,5599,799,2999,2020,184999,74900
Apple,iPhone 12 mini 256GB,135,4,12,12,N/A,N/A,A14 Bionic,2227,5.4,5999,899,3299,2020,194999,84900
Apple,iPhone 12 64GB,164,4,12,12,12,N/A,A14 Bionic,2815,6.1,5499,799,2999,2020,194999,74900
Apple,iPhone 12 128GB,164,4,12,12,12,N/A,A14 Bionic,2815,6.1,5899,899,3199,2020,204999,84900
Apple,iPhone 12 256GB,164,4,12,12,12,N/A,A14 Bionic,2815,6.1,6299,999,3599,2020,224999,94900
Apple,iPhone 12 Pro 128GB,189,6,12,12,12,12,A14 Bionic,2815,6.1,7299,999,3999,2020,314999,119900
Apple,iPhone 12 Pro 256GB,189,6,12,12,12,12,A14 Bionic,2815,6.1,7699,1099,4199,2020,334999,129900
Apple,iPhone 12 Pro 512GB,189,6,12,12,12,12,A14 Bionic,2815,6.1,8199,1199,4399,2020,354999,139900
Apple,iPhone 12 Pro Max 128GB,228,6,12,12,12,12,A14 Bionic,3687,6.7,8399,1099,4199,2020,344999,129900
Apple,iPhone 12 Pro Max 256GB,228,6,12,12,12,12,A14 Bionic,3687,6.7,8799,1199,4399,2020,364999,139900
Apple,iPhone 12 Pro Max 512GB,228,6,12,12,12,12,A14 Bionic,3687,6.7,9199,1399,4599,2020,384999,149900
Apple,iPhone 11 64GB,194,4,12,12,12,N/A,A13 Bionic,3110,6.1,5499,699,2499,2019,159999,64900
Apple,iPhone 11 128GB,194,4,12,12,12,N/A,A13 Bionic,3110,6.1,5899,799,2999,2019,169999,74900
Apple,iPhone 11 256GB,194,4,12,12,12,N/A,A13 Bionic,3110,6.1,6299,899,3299,2019,179999,84900
Apple,iPhone 11 Pro 64GB,188,4,12,12,12,12,A13 Bionic,3046,5.8,6999,999,3799,2019,219999,99900
Apple,iPhone 11 Pro 256GB,188,4,12,12,12,12,A13 Bionic,3046,5.8,7399,1099,4199,2019,239999,109900
Apple,iPhone 11 Pro 512GB,188,4,12,12,12,12,A13 Bionic,3046,5.8,7999,1199,4599,2019,259999,119900
Apple,iPhone 11 Pro Max 64GB,226,4,12,12,12,12,A13 Bionic,3969,6.5,7799,1099,4399,2019,269999,109900
Apple,iPhone 11 Pro Max 256GB,226,4,12,12,12,12,A13 Bionic,3969,6.5,8199,1199,4599,2019,289999,119900
Apple,iPhone 11 Pro Max 512GB,226,4,12,12,12,12,A13 Bionic,3969,6.5,8799,1399,4999,2019,309999,129900
Apple,iPhone X 64GB,174,3,7,12,12,N/A,A11 Bionic,2716,5.8,8388,999,3799,2017,164999,89900
Apple,iPhone X 256GB,174,3,7,12,12,N/A,A11 Bionic,2716,5.8,8788,1099,4199,2017,184999,99900
Apple,iPhone XS 64GB,177,4,7,12,12,N/A,A12 Bionic,2658,5.8,9188,999,3899,2018,219999,99900
Apple,iPhone XS 256GB,177,4,7,12,12,N/A,A12 Bionic,2658,5.8,9788,1099,4299,2018,239999,109900
Apple,iPhone XS 512GB,177,4,7,12,12,N/A,A12 Bionic,2658,5.8,10388,1299,4799,2018,259999,119900
Apple,iPhone XS Max 64GB,208,4,7,12,12,N/A,A12 Bionic,3174,6.5,10088,1099,4399,2018,249999,109900
Apple,iPhone XS Max 256GB,208,4,7,12,12,N/A,A12 Bionic,3174,6.5,10688,1249,4799,2018,269999,119900
Apple,iPhone XS Max 512GB,208,4,7,12,12,N/A,A12 Bionic,3174,6.5,11288,1399,5099,2018,289999,129900
Apple,iPhone XR 64GB,194,3,7,12,12,N/A,A12 Bionic,2942,6.1,6299,749,2699,2018,149999,64900
Apple,iPhone XR 128GB,194,3,7,12,12,N/A,A12 Bionic,2942,6.1,6799,799,3099,2018,159999,74900
Apple,iPhone XR 256GB,194,3,7,12,12,N/A,A12 Bionic,2942,6.1,7299,899,3399,2018,179999,84900
Apple,iPad Air 10.9-inch 64GB,458,4,12,12,N/A,N/A,A14 Bionic,7608,10.9,3299,599,2099,2020,79999,54900
Apple,iPad Air 10.9-inch 256GB,458,4,12,12,N/A,N/A,A14 Bionic,7608,10.9,3699,749,2499,2020,89999,64900
Apple,iPad 10.2-inch 32GB,490,3,12,8,N/A,N/A,A13 Bionic,8612,10.2,2299,329,1199,2020,49999,29900
Apple,iPad 10.2-inch 128GB,490,3,12,8,N/A,N/A,A13 Bionic,8612,10.2,2699,429,1499,2020,59999,39900
Apple,iPad Mini 7.9-inch 64GB,301,3,7,8,N/A,N/A,A12 Bionic,5124,7.9,3499,399,1499,2019,69999,39900
Apple,iPad Mini 7.9-inch 256GB,301,3,7,8,N/A,N/A,A12 Bionic,5124,7.9,3799,499,1799,2019,79999,49900
Apple,iPad Pro 11-inch 128GB,468,4,7,12,10,N/A,A12Z Bionic,7812,11,6399,799,2799,2020,149999,71900
Apple,iPad Pro 11-inch 256GB,468,4,7,12,10,N/A,A12Z Bionic,7812,11,7199,899,3199,2020,169999,89900
Apple,iPad Pro 11-inch 512GB,468,6,7,12,10,N/A,A12Z Bionic,7812,11,7999,1099,3699,2020,189999,109900
Apple,iPad Pro 12.9-inch 128GB,682,6,7,12,10,N/A,A12Z Bionic,9720,12.9,7999,999,3799,2020,219999,94900
Apple,iPad Pro 12.9-inch 256GB,682,6,7,12,10,N/A,A12Z Bionic,9720,12.9,8699,1099,4199,2020,239999,109900
Apple,iPad Pro 12.9-inch 512GB,682,6,7,12,10,N/A,A12Z Bionic,9720,12.9,9199,1299,4599,2020,259999,119900
Apple,iPad Pro 13-inch 128GB,708,6,7,12,10,N/A,A12Z Bionic,10307,13,8699,1099,4499,2020,259999,119900
Apple,iPad Pro 13-inch 256GB,708,6,7,12,10,N/A,A12Z Bionic,10307,13,9199,1199,4799,2020,279999,139900
Apple,iPad Pro 13-inch 512GB,708,6,7,12,10,N/A,A12Z Bionic,10307,13,9799,1399,5299,2020,309999,159900
Apple,iPad Pro 13-inch 1TB,708,6,7,12,10,N/A,A12Z Bionic,10307,13,10399,1599,5799,2020,359999,179900
Apple,iPad Pro 13-inch 2TB,708,6,7,12,10,N/A,A12Z Bionic,10307,13,11199,1799,6099,2020,399999,199900
Samsung,Galaxy S24 Ultra 128GB,234,12,12,200,12,N/A,Exynos 2400,5000,6.8,7499,1199,4899,2024,450000,104900
Samsung,Galaxy S24 Ultra 256GB,234,12,12,200,12,N/A,Exynos 2400,5000,6.8,7999,1299,5099,2024,480000,114900
Samsung,Galaxy S24+ 128GB,196,8,12,50,12,N/A,Exynos 2400,4800,6.6,6199,899,3599,2924,400000,89900
Samsung,Galaxy S24+ 256GB,196,8,12,50,12,N/A,Exynos 2400,4800,6.6,6999,999,3799,2024,430000,99900
Samsung,Galaxy S24 128GB,168,8,12,50,12,N/A,Exynos 2400,4000,6.1,5799,799,3299,2024,350000,79900
Samsung,Galaxy S24 256GB,168,8,12,50,12,N/A,Exynos 2400,4000,6.1,6199,899,3499,2024,380000,89900
Samsung,Galaxy S23 Ultra 128GB,228,12,12,200,12,N/A,Snapdragon 8 Gen 2,5000,6.8,7299,1199,4599,2023,430000,99900
Samsung,Galaxy S23 Ultra 256GB,228,12,12,200,12,N/A,Snapdragon 8 Gen 2,5000,6.8,7999,1299,4899,2023,460000,109900
Samsung,Galaxy S23+ 128GB,196,8,12,50,12,N/A,Snapdragon 8 Gen 2,4700,6.6,6199,899,3399,2023,360000,79900
Samsung,Galaxy S23+ 256GB,196,8,12,50,12,N/A,Snapdragon 8 Gen 2,4700,6.6,6799,999,3599,2023,390000,89900
Samsung,Galaxy S23 128GB,168,8,12,50,12,N/A,Snapdragon 8 Gen 2,3900,6.1,5499,799,3099,2023,320000,69900
Samsung,Galaxy S23 256GB,168,8,12,50,12,N/A,Snapdragon 8 Gen 2,3900,6.1,5999,899,3299,2023,350000,79900
Samsung,Galaxy S22 Ultra 128GB,228,12,10,108,12,N/A,Exynos 2200,5000,6.8,6599,1099,4499,2022,420000,94900
Samsung,Galaxy S22 Ultra 256GB,228,12,10,108,12,N/A,Exynos 2200,5000,6.8,7199,1199,4799,2022,450000,104900
Samsung,Galaxy S22+ 128GB,195,8,10,50,12,N/A,Exynos 2200,4500,6.6,5999,799,3299,2022,350000,79900
Samsung,Galaxy S22+ 256GB,195,8,10,50,12,N/A,Exynos 2200,4500,6.6,6499,899,3599,2022,380000,89900
Samsung,Galaxy S22 128GB,167,8,10,50,12,N/A,Exynos 2200,3800,6.1,5499,699,2999,2022,300000,69900
Samsung,Galaxy S22 256GB,167,8,10,50,12,N/A,Exynos 2200,3800,6.1,5999,799,3199,2022,330000,79900
Samsung,Galaxy Z Fold 5 256GB,254,12,10,50,12,N/A,Snapdragon 8 Gen 2,4400,7.6,11999,1799,6999,2023,500000,154900
Samsung,Galaxy Z Fold 5 512GB,254,12,10,50,12,N/A,Snapdragon 8 Gen 2,4400,7.6,12999,1899,7499,2023,550000,174900
Samsung,Galaxy Z Flip 5 256GB,187,8,12,12,12,N/A,Snapdragon 8 Gen 2,3700,6.7,7999,999,4099,2023,350000,94900
Samsung,Galaxy Z Flip 5 512GB,187,8,12,12,12,N/A,Snapdragon 8 Gen 2,3700,6.7,8999,1099,4399,2023,380000,104900
Samsung,Galaxy Z Fold 4 256GB,263,12,10,50,12,N/A,Snapdragon 8 Gen 1,4400,7.6,10999,1799,6499,2022,480000,134900
Samsung,Galaxy Z Fold 4 512GB,263,12,10,50,12,N/A,Snapdragon 8 Gen 1,4400,7.6,11999,1899,7099,2022,530000,154900
Samsung,Galaxy Z Flip 4 256GB,187,8,10,12,12,N/A,Snapdragon 8 Gen 1,3700,6.7,6999,999,3799,2022,320000,84900
Samsung,Galaxy Z Flip 4 512GB,187,8,10,12,12,N/A,Snapdragon 8 Gen 1,3700,6.7,7999,1099,4099,2022,350000,94900
Samsung,Galaxy A54 128GB,189,6,32,50,12,N/A,Exynos 1380,5000,6.4,2199,399,1399,2023,85000,27999
Samsung,Galaxy A54 256GB,189,6,32,50,12,N/A,Exynos 1380,5000,6.4,2499,449,1499,2023,95000,32999
Samsung,Galaxy A34 128GB,199,6,13,48,8,N/A,MediaTek Dimensity 1080,5000,6.6,1799,349,1299,2023,75000,22999
Samsung,Galaxy A34 256GB,199,6,13,48,8,N/A,MediaTek Dimensity 1080,5000,6.6,1999,399,1399,2023,85000,27999
Samsung,Galaxy A24 128GB,195,6,13,50,5,N/A,MediaTek Helio G99,5000,6.5,1599,299,1199,2023,70000,19999
Samsung,Galaxy A24 256GB,195,6,13,50,5,N/A,MediaTek Helio G99,5000,6.5,1799,349,1299,2023,80000,24999
Samsung,Galaxy A14 128GB,190,4,13,50,2,N/A,Exynos 850,5000,6.6,1499,249,1099,2023,60000,18499
Samsung,Galaxy A14 256GB,190,4,13,50,2,N/A,Exynos 850,5000,6.6,1699,299,1199,2023,70000,21999
Samsung,Galaxy A04 64GB,188,4,5,50,2,N/A,Exynos 850,5000,6.5,1199,199,899,2022,50000,14999
Samsung,Galaxy A04 128GB,188,4,5,50,2,N/A,Exynos 850,5000,6.5,1399,249,999,2022,60000,18499
Samsung,Galaxy M54 128GB,202,8,32,108,8,N/A,Exynos 1380,6000,6.7,2099,349,1299,2023,95000,23999
Samsung,Galaxy M54 256GB,202,8,32,108,8,N/A,Exynos 1380,6000,6.7,2299,399,1399,2023,105000,26999
Samsung,Galaxy M34 128GB,199,6,13,50,8,N/A,Exynos 1280,6000,6.5,1699,299,1099,2023,70000,17999
Samsung,Galaxy M34 256GB,199,6,13,50,8,N/A,Exynos 1280,6000,6.5,1999,349,1199,2023,80000,20999
Samsung,Galaxy M14 128GB,202,4,13,50,2,N/A,Exynos 850,6000,6.6,1399,249,999,2023,60000,14999
Samsung,Galaxy M14 256GB,202,4,13,50,2,N/A,Exynos 850,6000,6.6,1599,299,1099,2023,70000,17999
Samsung,Galaxy M04 64GB,188,4,5,13,2,N/A,MediaTek Helio P35,5000,6.5,1099,199,899,2022,50000,12999
Samsung,Galaxy M04 128GB,188,4,5,13,2,N/A,MediaTek Helio P35,5000,6.5,1299,249,999,2022,60000,15999
Samsung,Galaxy F54 128GB,199,8,32,108,8,N/A,Exynos 1380,6000,6.7,2199,349,1299,2023,85000,23999
Samsung,Galaxy F54 256GB,199,8,32,108,8,N/A,Exynos 1380,6000,6.7,2399,399,1399,2023,95000,26999
Samsung,Galaxy F34 128GB,190,6,13,50,8,N/A,Exynos 1280,6000,6.5,1799,299,1099,2023,70000,18999
Samsung,Galaxy F34 256GB,190,6,13,50,8,N/A,Exynos 1280,6000,6.5,1999,349,1199,2023,80000,21999
Samsung,Galaxy F14 128GB,198,4,13,50,2,N/A,Exynos 850,6000,6.6,1399,249,999,2023,60000,14999
Samsung,Galaxy F14 256GB,198,4,13,50,2,N/A,Exynos 850,6000,6.6,1599,299,1099,2023,70000,17999
Samsung,Galaxy Note 20 Ultra 128GB,208,12,10,108,12,N/A,Exynos 990,4500,6.9,7999,1299,4499,2020,180000,99999
Samsung,Galaxy Note 20 Ultra 256GB,208,12,10,108,12,N/A,Exynos 990,4500,6.9,8499,1399,4999,2020,200000,104999
Samsung,Galaxy Note 20 128GB,192,8,10,108,12,N/A,Exynos 990,4300,6.7,6499,999,3999,2020,150000,77999
Samsung,Galaxy Note 20 256GB,192,8,10,108,12,N/A,Exynos 990,4300,6.7,7099,1099,4199,2020,170000,89999
Samsung,Galaxy Note 10+ 256GB,196,12,10,12,16,N/A,Exynos 9825,4300,6.8,6299,1099,3899,2019,160000,74999
Samsung,Galaxy Note 10+ 512GB,196,12,10,12,16,N/A,Exynos 9825,4300,6.8,6999,1199,4199,2019,180000,84999
Samsung,Galaxy Note 10 256GB,168,8,10,12,16,N/A,Exynos 9825,3500,6.3,5699,949,3699,2019,140000,64999
Samsung,Galaxy Note 10 128GB,168,8,10,12,16,N/A,Exynos 9825,3500,6.3,5199,899,3399,2019,120000,59999
Samsung,Galaxy Xcover 6 Pro 128GB,235,6,13,50,N/A,N/A,Exynos 1380,4050,6.6,2299,499,1699,2022,75000,28999
Samsung,Galaxy Xcover 5 64GB,172,4,5,16,N/A,N/A,Exynos 850,3000,5.3,1299,249,899,2020,50000,17499
Samsung,Galaxy J8 64GB,191,4,16,16,5,N/A,Snapdragon 450,3500,6,1699,199,799,2018,45000,18990
Samsung,Galaxy J7 Pro 64GB,181,3,13,13,N/A,N/A,Exynos 7870,3600,5.5,1599,179,699,2017,40000,18990
Samsung,Galaxy J6+ 64GB,178,4,8,13,5,N/A,Snapdragon 425,3300,6,1499,169,699,2018,40000,15999
Samsung,Galaxy J4 16GB,175,2,5,13,N/A,N/A,Exynos 7570,3000,5.5,999,129,499,2018,25000,9990
Samsung,Galaxy C9 Pro 64GB,189,6,16,16,8,N/A,Snapdragon 653,4000,6,3099,399,1299,2016,65000,32990
Samsung,Galaxy C7 Pro 64GB,165,4,16,16,N/A,N/A,Snapdragon 625,3300,5.7,2499,299,999,2017,50000,22990
Samsung,Galaxy C5 32GB,143,4,8,16,N/A,N/A,Snapdragon 617,2600,5.2,1899,249,799,2016,40000,19990
Samsung,Galaxy W22 5G 256GB,228,12,10,108,12,N/A,Snapdragon 888,4500,7.6,10999,1499,5499,2021,280000,99999
Samsung,Galaxy W21 5G 256GB,229,12,10,108,12,N/A,Snapdragon 888,4500,7.6,9999,1399,4999,2020,260000,89999
Samsung,Galaxy Tab S9 Ultra 256GB,732,12,12,13,8,N/A,Snapdragon 8 Gen 2,11200,14.6,9999,1199,4499,2023,350000,114999
Samsung,Galaxy Tab S9+ 256GB,586,12,12,13,8,N/A,Snapdragon 8 Gen 2,10090,12.4,8799,999,3999,2023,280000,99999
Samsung,Galaxy Tab S9 128GB,498,8,12,13,N/A,N/A,Snapdragon 8 Gen 2,8400,11,7299,799,3299,2023,230000,85999
Samsung,Galaxy Tab S9 FE 128GB,523,6,12,8,N/A,N/A,Exynos 1380,8000,10.9,5499,549,1999,2023,150000,49999
Samsung,Galaxy Tab S8 Ultra 256GB,726,12,12,13,6,N/A,Snapdragon 8 Gen 1,11200,14.6,9499,1099,4299,2022,320000,109999
Samsung,Galaxy Tab S8+ 256GB,567,8,12,13,6,N/A,Snapdragon 8 Gen 1,10090,12.4,8299,899,3699,2022,250000,94999
Samsung,Galaxy Tab S8 128GB,503,8,12,13,6,N/A,Snapdragon 8 Gen 1,8000,11,6999,699,2999,2022,200000,74999
Samsung,Galaxy Tab A9+ 128GB,480,8,5,8,N/A,N/A,Snapdragon 695,7040,11,1799,229,899,2023,100000,22999
Samsung,Galaxy Tab A9 64GB,366,4,2,8,N/A,N/A,MediaTek Helio G99,5100,8.7,1299,179,699,2023,75000,16999
Samsung,Galaxy Tab A8 64GB,508,4,5,8,N/A,N/A,Unisoc T618,7040,10.5,1499,199,799,2022,68000,17999
Samsung,Galaxy Tab A7 Lite 32GB,366,3,2,8,N/A,N/A,MediaTek Helio P22T,5100,8.7,999,149,599,2021,40000,11999
Samsung,Galaxy Tab Active 5 128GB,433,6,5,13,N/A,N/A,Exynos 1380,5050,8,3699,549,2199,2024,150000,54999
Samsung,Galaxy Tab Active 4 Pro 128GB,674,6,8,13,N/A,N/A,Snapdragon 778G,7600,10.1,4299,649,2599,2022,180000,64999
Samsung,Galaxy Tab Active 3 64GB,426,4,5,13,N/A,N/A,Exynos 9810,5050,8,2999,499,1899,2020,120000,44999
Samsung,Galaxy Tab E 10.1 16GB,490,2,2,5,N/A,N/A,Spreadtrum SC8830,5000,10.1,899,129,499,2016,35000,9999
Samsung,Galaxy Tab E 8.0 16GB,360,2,2,5,N/A,N/A,Qualcomm MSM8916,5000,8,799,99,399,2016,28000,8499
OnePlus,OnePlus 12 256GB,205,12,32,50,48,N/A,Snapdragon 8 Gen 3,5000,6.7,5999,799,3199,2024,219999,74999
OnePlus,OnePlus 12R 256GB,203,12,16,50,8,N/A,Snapdragon 8 Gen 2,4500,6.7,4299,699,2599,2024,169999,49999
OnePlus,OnePlus 11 256GB,205,12,16,50,48,N/A,Snapdragon 8 Gen 1,5000,6.7,4999,699,2799,2023,179999,54999
OnePlus,OnePlus 11R 256GB,202,12,16,50,8,N/A,Snapdragon 8 Gen 1,5000,6.7,3799,599,2499,2023,159999,44999
OnePlus,OnePlus Nord 3 256GB,190,12,16,50,8,N/A,MediaTek Dimensity 9000,5000,6.7,3499,499,1999,2023,119999,34999
OnePlus,OnePlus Nord CE 3 128GB,179,8,16,50,2,N/A,Snapdragon 782G,5000,6.7,2799,399,1499,2023,85000,22999
OnePlus,OnePlus Nord CE 3 Lite 128GB,195,8,16,108,N/A,N/A,Snapdragon 695,5000,6.7,2099,299,1199,2023,59999,17999
OnePlus,OnePlus Nord N30 5G 128GB,192,8,16,64,2,N/A,MediaTek Dimensity 6020,5000,6.7,1999,249,999,2023,55000,16999
OnePlus,OnePlus Open 256GB,238,16,32,48,48,N/A,Snapdragon 8 Gen 2,4800,7.8,6999,1099,4299,2024,299999,74999
OnePlus,OnePlus 10 Pro 256GB,200,12,32,50,48,N/A,Snapdragon 8 Gen 1,5000,6.7,4999,899,3299,2022,199999,64999
OnePlus,OnePlus 10T 256GB,203,12,16,50,8,N/A,Snapdragon 8+ Gen 1,4500,6.7,4699,749,2899,2022,179999,54999
OnePlus,OnePlus 9 Pro 256GB,192,12,16,48,50,N/A,Snapdragon 888,4500,6.7,4199,699,2799,2021,179999,59999
OnePlus,OnePlus 9 128GB,183,8,16,48,50,N/A,Snapdragon 888,4500,6.6,3699,599,2299,2021,149999,39999
OnePlus,OnePlus 11 Pro 256GB,204,16,32,50,48,N/A,Snapdragon 8 Gen 2,5000,6.7,6399,899,3599,2023,219999,74999
OnePlus,OnePlus Nord 2T 128GB,190,8,32,50,8,N/A,MediaTek Dimensity 1300,4500,6.4,2499,399,1699,2022,69999,28999
OnePlus,OnePlus Nord 2 128GB,190,8,32,50,8,N/A,MediaTek Dimensity 1200-AI,4500,6.4,2299,349,1499,2021,59999,27999
OnePlus,OnePlus Nord N200 64GB,189,4,16,13,2,N/A,Snapdragon 480,5000,6.5,1199,199,799,2021,39999,15999
OnePlus,OnePlus Nord N100 64GB,185,4,8,13,2,N/A,Qualcomm Snapdragon 460,5000,6.5,1099,179,699,2020,29999,12999
OnePlus,OnePlus 8T Cyberpunk 2077 Edition 256GB,188,12,16,48,16,N/A,Snapdragon 865,4500,6.6,3699,749,2999,2020,139999,45999
OnePlus,OnePlus 9T 128GB,192,8,16,48,50,N/A,Snapdragon 888,4500,6.6,4199,649,2799,2021,159999,49999
OnePlus,OnePlus 8T 256GB,188,12,16,48,16,N/A,Snapdragon 865,4500,6.6,3499,599,2499,2020,119999,42999
OnePlus,OnePlus 10T 5G 256GB,203,12,16,50,8,N/A,Snapdragon 8+ Gen 1,4500,6.7,4699,749,2899,2022,179999,54999
OnePlus,OnePlus 9R 5G 128GB,189,8,16,48,5,N/A,Snapdragon 870,4500,6.6,3499,599,2499,2021,159999,39999
OnePlus,OnePlus 8 Pro 256GB,199,12,16,48,48,N/A,Snapdragon 865,4510,6.8,4999,749,2999,2020,159999,54999
OnePlus,OnePlus 8 128GB,180,8,16,48,16,N/A,Snapdragon 865,4300,6.6,3499,699,2499,2020,119999,41999
OnePlus,OnePlus Nord CE 2 Lite 128GB,195,6,16,64,2,N/A,MediaTek Dimensity 900,5000,6.6,1799,249,999,2022,49999,19999
OnePlus,OnePlus Nord CE 2 128GB,173,8,16,64,8,N/A,MediaTek Dimensity 1200,4500,6.4,2499,299,1299,2022,64999,23999
OnePlus,OnePlus Nord 1 128GB,184,6,16,48,5,N/A,Snapdragon 765G,4115,6.4,2099,349,1499,2020,49999,22999
OnePlus,OnePlus Nord CE 5G 128GB,170,6,16,64,8,N/A,Snapdragon 750G,4500,6.4,2499,299,1499,2021,54999,24999
OnePlus,OnePlus Nord 2 5G 128GB,189,8,32,50,8,N/A,MediaTek Dimensity 1200-AI,4500,6.4,2499,399,1699,2021,69999,27999
OnePlus,OnePlus Nord N100 5G 64GB,185,4,8,13,2,N/A,Qualcomm Snapdragon 460,5000,6.5,1099,179,699,2020,29999,12999
OnePlus,OnePlus Nord N10 5G 128GB,190,6,16,64,8,N/A,Qualcomm Snapdragon 690,4300,6.5,1799,299,1099,2020,49999,19999
OnePlus,OnePlus 8R 128GB,192,8,16,48,5,N/A,Snapdragon 865,4300,6.6,3499,649,2499,2020,119999,41999
OnePlus,OnePlus 7R 128GB,190,6,16,48,5,N/A,Snapdragon 855,3700,6.4,3199,599,2399,2020,109999,38999
OnePlus,OnePlus 6T McLaren Edition 256GB,185,10,16,20,16,N/A,Snapdragon 845,3700,6.4,4699,799,3299,2018,149999,50999
OnePlus,OnePlus 5T Star Wars Edition 128GB,162,6,16,16,20,N/A,Snapdragon 835,3300,6,3499,649,2499,2017,89999,34999
OnePlus,OnePlus 13R 128GB,210,8,16,50,8,N/A,Snapdragon 8 Gen 2,4500,6.7,6499,849,3599,2023,219999,74999
OnePlus,OnePlus 11T 128GB,202,12,32,50,48,N/A,Snapdragon 8 Gen 2,5000,6.7,5999,799,3499,2023,199999,74999
OnePlus,OnePlus 10R 128GB,205,8,16,50,16,N/A,MediaTek Dimensity 8100,4500,6.7,3899,599,2499,2022,169999,49999
OnePlus,OnePlus 7 Pro 5G 256GB,206,12,16,48,8,N/A,Snapdragon 855,4000,6.7,4699,799,3299,2019,169999,59999
OnePlus,OnePlus 6 Special Edition 128GB,177,6,16,20,16,N/A,Snapdragon 845,3300,6.3,3499,599,2499,2018,99999,37999
OnePlus,OnePlus 5 Special Edition 128GB,155,8,16,20,16,N/A,Snapdragon 835,3300,5.5,3299,599,2399,2017,94999,36999
OnePlus,OnePlus Nord X 128GB,190,8,32,64,8,N/A,Snapdragon 765G,4000,6.4,2499,299,1299,2020,69999,24999
OnePlus,OnePlus 8 Pro McLaren Edition 256GB,199,12,16,48,8,N/A,Snapdragon 865,4510,6.8,4999,899,3599,2020,169999,59999
OnePlus,OnePlus 8T Cyberpunk Edition 256GB,188,12,16,48,16,N/A,Snapdragon 865,4500,6.6,4699,799,3299,2020,169999,58999
OnePlus,OnePlus 7T Pro 5G McLaren Edition 256GB,206,12,16,48,8,N/A,Snapdragon 855,4085,6.7,5299,899,3799,2019,179999,69999
OnePlus,OnePlus 15R 128GB,210,12,32,50,8,N/A,Snapdragon 8 Gen 3,5000,6.7,6499,849,3699,2023,229999,74999
OnePlus,OnePlus 14+ 128GB,202,8,16,64,8,N/A,Snapdragon 8 Gen 2,4800,6.6,5999,799,3499,2023,199999,69999
OnePlus,OnePlus 13 Pro 256GB,215,12,32,50,48,N/A,Snapdragon 8 Gen 2,5000,6.7,6199,899,3799,2023,219999,74999
OnePlus,OnePlus 12T 5G 256GB,200,12,16,50,8,N/A,Snapdragon 8 Gen 2,5000,6.7,5899,849,3599,2023,219999,74999
OnePlus,OnePlus Pad,550,8,8,13,N/A,N/A,MediaTek Dimensity 9000,9510,11.6,3999,499,1799,2023,94999,39999
OnePlus,OnePlus Pad 2,550,8,8,13,N/A,N/A,MediaTek Dimensity 9000,9510,11.6,4499,549,1999,2024,104999,44999
OnePlus,OnePlus Pad Pro,610,12,16,50,N/A,N/A,Snapdragon 8 Gen 3,11000,12.4,5999,799,2599,2024,169999,69999
Vivo,X200 128GB,223,12,32,50,N/A,N/A,Dimensity 9400,6000,6.8,6999,999,3699,2024,199999,119999
Vivo,X200 256GB,223,12,32,50,N/A,N/A,Dimensity 9400,6000,6.8,7499,1099,3999,2024,219999,129999
Vivo,X200 Pro 256GB,223,16,32,200,N/A,N/A,Dimensity 9400,6000,6.8,7999,1199,4399,2024,229999,139999
Vivo,X200 Pro 512GB,223,16,32,200,N/A,N/A,Dimensity 9400,6000,6.8,8499,1299,4699,2024,249999,149999
Vivo,X200 Pro Mini 256GB,187,16,32,50,N/A,N/A,Dimensity 9400,5700,6.3,6499,949,3499,2024,189999,109999
Vivo,V40e 128GB,179,8,44,64,N/A,N/A,Snapdragon 778G,4100,6.4,2999,449,1649,2024,79999,44999
Vivo,Y200 GT 128GB,190,12,16,64,N/A,N/A,Dimensity 1200,5000,6.6,2499,399,1499,2024,69999,39999
Vivo,T3 5G 128GB,180,8,16,50,N/A,N/A,Snapdragon 870,5000,6.7,2299,349,1299,2024,59999,34999
Vivo,Y100 5G 128GB,181,8,16,64,N/A,N/A,Dimensity 900,4500,6.4,1999,299,1099,2024,54999,29999
Vivo,S18 Pro 256GB,189,12,32,108,N/A,N/A,Snapdragon 8 Gen 2,4700,6.6,3999,599,2199,2024,99999,59999
Vivo,V30 Pro 128GB,192,12,32,64,N/A,N/A,Dimensity 1100,4500,6.4,3499,549,1999,2024,89999,49999
Vivo,iQOO 12 256GB,210,16,16,50,N/A,N/A,Snapdragon 8 Gen 3,5000,6.8,4499,699,2599,2024,109999,64999
Vivo,Z3 64GB,162,6,12,16,N/A,N/A,Snapdragon 710,3315,6.3,1699,249,899,2018,39999,22999
Vivo,V9 64GB,150,4,24,16,N/A,N/A,Snapdragon 626,3260,6.3,1499,219,799,2018,34999,19999
Vivo,X9 Plus 128GB,199,6,20,16,N/A,N/A,Snapdragon 653,4000,5.9,2199,299,1099,2017,42999,24999
Vivo,Y81 32GB,146,3,5,13,N/A,N/A,MediaTek Helio P22,3260,6.2,999,149,549,2018,22999,12999
Vivo,X5Max 16GB,146,2,5,13,N/A,N/A,Snapdragon 615,2300,5.5,1299,199,699,2014,29999,16999
Vivo,V5 Plus 64GB,158,4,20,16,N/A,N/A,Snapdragon 625,3055,5.5,1699,249,899,2017,39999,22999
Vivo,Y95 64GB,163,4,20,13,2,N/A,Snapdragon 439,4030,6.2,1299,199,699,2018,29999,16999
Vivo,V3 Max 32GB,168,4,8,13,N/A,N/A,Snapdragon 652,3000,5.5,1199,179,649,2016,24999,13999
Vivo,X3S 16GB,153,1,5,13,N/A,N/A,MediaTek MT6592,2000,5,899,139,499,2014,19999,10999
Vivo,Y66 32GB,155,3,16,13,N/A,N/A,Snapdragon 430,3000,5.5,1199,179,649,2017,27999,14999
Vivo,V19 128GB,176,8,32,48,N/A,N/A,Qualcomm Snapdragon 712,4500,6.4,2799,399,1499,2020,49999,27990
Vivo,V19 256GB,176,8,32,48,N/A,N/A,Qualcomm Snapdragon 712,4500,6.4,3199,429,1599,2020,54999,31990
Vivo,V17 Pro 128GB,201,8,32,48,N/A,N/A,Qualcomm Snapdragon 675,4100,6.4,2999,399,1499,2019,54999,27990
Vivo,V17 Pro 256GB,201,8,32,48,N/A,N/A,Qualcomm Snapdragon 675,4100,6.4,3199,429,1599,2019,59999,33990
Vivo,Y12s 64GB,191,3,8,13,N/A,N/A,MediaTek Helio P35,5000,6.5,899,159,599,2020,18999,10990
Vivo,Y12s 128GB,191,4,8,13,N/A,N/A,MediaTek Helio P35,5000,6.5,1099,179,699,2020,22999,13990
Vivo,S1 Pro 128GB,185,6,32,48,N/A,N/A,MediaTek Helio P65,4500,6.4,2299,249,999,2019,39999,19990
Vivo,S1 Pro 256GB,185,6,32,48,N/A,N/A,MediaTek Helio P65,4500,6.4,2499,269,1099,2019,44999,24990
Vivo,Y11 32GB,190,3,8,13,N/A,N/A,Qualcomm Snapdragon 439,5000,6.4,899,149,599,2019,18499,10999
Vivo,Y11 64GB,190,3,8,13,N/A,N/A,Qualcomm Snapdragon 439,5000,6.4,1099,169,649,2019,22499,13490
Vivo,V15 128GB,190,6,32,48,N/A,N/A,MediaTek Helio P70,4000,6.5,2199,299,1099,2019,34999,22990
Vivo,V15 256GB,190,6,32,48,N/A,N/A,MediaTek Helio P70,4000,6.5,2399,319,1199,2019,39999,26990
Vivo,X27 Pro 128GB,190,8,32,48,N/A,N/A,Qualcomm Snapdragon 710,4000,6.4,3499,499,1799,2019,59999,35990
Vivo,X27 Pro 256GB,190,8,32,48,N/A,N/A,Qualcomm Snapdragon 710,4000,6.4,3799,549,1999,2019,64999,39990
Vivo,Y30 128GB,193,4,8,13,N/A,N/A,MediaTek Helio P35,5000,6.5,1499,199,749,2020,24999,14990
Vivo,Y30 64GB,193,3,8,13,N/A,N/A,MediaTek Helio P35,5000,6.5,1299,169,649,2020,19999,11990
Vivo,Z1 Pro 64GB,159,4,16,16,N/A,N/A,Qualcomm Snapdragon 712,4500,6.5,1799,249,899,2019,29999,18990
Vivo,Z1 Pro 128GB,159,6,16,16,N/A,N/A,Qualcomm Snapdragon 712,4500,6.5,2099,299,999,2019,34999,22990
Vivo,X21 128GB,156,6,12,12,N/A,N/A,Qualcomm Snapdragon 660,3200,6.3,2299,349,1199,2018,39999,24990
Vivo,X21 64GB,156,4,12,12,N/A,N/A,Qualcomm Snapdragon 660,3200,6.3,1899,299,999,2018,34999,21990
Vivo,V23e 128GB,172,8,50,64,N/A,N/A,MediaTek Helio G96,4050,6.4,1799,299,1099,2021,39999,20999
Vivo,V23e 256GB,172,8,50,64,N/A,N/A,MediaTek Helio G96,4050,6.4,1999,349,1199,2021,44999,24999
Vivo,Y33s 128GB,182,8,16,50,N/A,N/A,MediaTek Helio G80,5000,6.6,1699,239,899,2021,34999,17999
Vivo,Y33s 64GB,182,4,16,50,N/A,N/A,MediaTek Helio G80,5000,6.6,1299,179,799,2021,29999,14999
Vivo,X60 Pro 256GB,190,12,32,48,N/A,N/A,Qualcomm Snapdragon 870,4200,6.6,3999,899,1999,2021,109999,44999
Vivo,X60 Pro 512GB,190,12,32,48,N/A,N/A,Qualcomm Snapdragon 870,4200,6.6,4199,999,2099,2021,119999,49999
Vivo,V20 Pro 128GB,173,8,44,64,N/A,N/A,Qualcomm Snapdragon 765G,4000,6.4,2699,499,1499,2020,49999,25999
Vivo,V20 Pro 256GB,173,8,44,64,N/A,N/A,Qualcomm Snapdragon 765G,4000,6.4,2999,549,1699,2020,54999,29999
Vivo,Y75 5G 128GB,179,8,16,50,N/A,N/A,MediaTek Dimensity 700,5000,6.6,2199,349,1299,2021,54999,21999
Vivo,Y75 5G 256GB,179,8,16,50,N/A,N/A,MediaTek Dimensity 700,5000,6.6,2499,399,1499,2021,59999,25999
Vivo,Y53s 128GB,190,6,16,64,N/A,N/A,MediaTek Helio G80,5000,6.6,1699,229,899,2021,34999,16999
Vivo,Y53s 64GB,190,6,16,64,N/A,N/A,MediaTek Helio G80,5000,6.6,1299,179,799,2021,29999,13999
Vivo,V15 Pro 128GB,185,6,32,48,N/A,N/A,Qualcomm Snapdragon 675,3700,6.4,2499,399,1499,2019,44999,25999
Vivo,V15 Pro 256GB,185,6,32,48,N/A,N/A,Qualcomm Snapdragon 675,3700,6.4,2799,449,1699,2019,49999,29999
Vivo,X70 Pro 128GB,185,8,32,50,N/A,N/A,MediaTek Dimensity 1200,4450,6.6,4299,749,2099,2021,99999,39999
Vivo,X70 Pro 256GB,185,8,32,50,N/A,N/A,MediaTek Dimensity 1200,4450,6.6,4699,799,2299,2021,109999,44999
Vivo,T1 5G 128GB,181,6,16,50,N/A,N/A,Qualcomm Snapdragon 695,5000,6.6,1799,269,999,2022,39999,17999
Vivo,T1 5G 256GB,181,8,16,50,N/A,N/A,Qualcomm Snapdragon 695,5000,6.6,1999,319,1099,2022,44999,21999
Vivo,X30 Pro 128GB,199,8,32,64,N/A,N/A,Qualcomm Snapdragon 855,4200,6.4,4599,899,2299,2019,109999,47999
Vivo,X30 Pro 256GB,199,8,32,64,N/A,N/A,Qualcomm Snapdragon 855,4200,6.4,5199,949,2499,2019,119999,54999
Vivo,V27 128GB,182,8,50,50,N/A,N/A,MediaTek Dimensity 8200,4600,6.8,2999,599,1699,2023,79999,29999
Vivo,V27 256GB,182,8,50,50,N/A,N/A,MediaTek Dimensity 8200,4600,6.8,3199,649,1899,2023,84999,32999
Vivo,V27 Pro 128GB,182,8,50,50,N/A,N/A,MediaTek Dimensity 8200,4600,6.8,3299,699,1899,2023,89999,34999
Vivo,V27 Pro 256GB,182,8,50,50,N/A,N/A,MediaTek Dimensity 8200,4600,6.8,3499,749,2099,2023,94999,37999
Vivo,V25 Pro 128GB,190,8,32,64,N/A,N/A,MediaTek Dimensity 1300,4830,6.6,2799,599,1599,2022,79999,25999
Vivo,V25 Pro 256GB,190,8,32,64,N/A,N/A,MediaTek Dimensity 1300,4830,6.6,2999,649,1799,2022,85999,29999
Vivo,X90 Pro 256GB,221,12,32,50,N/A,N/A,MediaTek Dimensity 9200,4870,6.8,6999,1099,3999,2022,199999,69999
Vivo,X90 Pro 512GB,221,12,32,50,N/A,N/A,MediaTek Dimensity 9200,4870,6.8,7499,1199,4499,2022,229999,79999
Vivo,Y100 128GB,190,8,16,64,N/A,N/A,MediaTek Dimensity 900,4500,6.4,1999,399,1199,2023,59999,19999
Vivo,Y100 256GB,190,8,16,64,N/A,N/A,MediaTek Dimensity 900,4500,6.4,2199,449,1399,2023,64999,22999
Vivo,T2 Series 128GB,190,8,16,64,N/A,N/A,Qualcomm Snapdragon 695,4500,6.4,1699,299,999,2023,49999,15999
Vivo,T2 Series 256GB,190,8,16,64,N/A,N/A,Qualcomm Snapdragon 695,4500,6.4,1799,349,1099,2023,54999,18999
Vivo,V23 5G 128GB,179,8,50,64,N/A,N/A,MediaTek Dimensity 920,4200,6.4,2799,499,1499,2022,69999,27999
Vivo,V23 5G 256GB,179,8,50,64,N/A,N/A,MediaTek Dimensity 920,4200,6.4,3199,549,1699,2022,74999,32999
Vivo,X80 256GB,206,12,32,50,N/A,N/A,MediaTek Dimensity 9000,4700,6.8,5999,899,3499,2022,179999,59999
Vivo,X80 512GB,206,12,32,50,N/A,N/A,MediaTek Dimensity 9000,4700,6.8,6499,999,3999,2022,199999,69999
Vivo,Y21 128GB,182,4,8,13,N/A,N/A,MediaTek Helio P35,5000,6.5,1299,199,699,2021,29999,12999
Vivo,Y21 64GB,182,4,8,13,N/A,N/A,MediaTek Helio P35,5000,6.5,1099,179,599,2021,26999,9999
Vivo,Pad 128GB,498,6,8,13,N/A,N/A,Snapdragon 870,8040,11,2499,329,1199,2022,64999,34999
Vivo,Pad 2 256GB,535,8,8,50,N/A,N/A,MediaTek Dimensity 1200,8040,11,3199,399,1399,2023,74999,39999
Vivo,Pad Air 128GB,510,6,8,13,N/A,N/A,Snapdragon 870,8040,10.4,2199,279,999,2023,58999,31999
Vivo,Pad 3 128GB,500,6,8,13,N/A,N/A,Snapdragon 750G,8040,11,2399,349,1199,2023,62999,34999
Vivo,Pad 3 Pro 256GB,550,8,8,50,N/A,N/A,Snapdragon 888,8040,12.3,3599,449,1599,2023,84999,45999
Vivo,Pad 4 Pro 256GB,560,8,8,50,N/A,N/A,MediaTek Dimensity 9000,8040,12.9,4299,499,1799,2024,94999,49999
iQOO,Pad 128GB,520,6,8,13,N/A,N/A,Snapdragon 870,8040,11,2699,349,1299,2023,69999,37999
iQOO,Pad 2 256GB,540,8,8,50,N/A,N/A,Snapdragon 888,8040,12.3,3499,399,1499,2024,79999,43999
iQOO,Pad 2 Pro 256GB,555,8,8,50,N/A,N/A,Snapdragon 8 Gen 1,8040,12.3,3899,449,1699,2024,89999,49999
Oppo,Find N3 512GB,239,12,32,48,64,48,Snapdragon 8 Gen 2,4805,7.8,9999,1399,5199,2023,299999,159999
Oppo,Find N3 Flip 256GB,198,12,32,50,32,48,MediaTek Dimensity 9200,4300,6.8,6999,999,3699,2023,199999,109999
Oppo,Find X8 Pro 256GB,210,12,32,50,50,50,Snapdragon 8 Gen 2,5000,6.8,8999,1299,4799,2024,249999,139999
Oppo,Find X8 256GB,195,8,32,50,50,N/A,Snapdragon 8 Gen 2,4800,6.7,7499,1099,4099,2024,199999,119999
Oppo,Reno13 F 4G 256GB,192,8,32,50,8,2,MediaTek Helio G100,5800,6.7,3499,499,1899,2025,79999,44999
Oppo,Reno13 F 256GB,192,8,32,50,8,2,MediaTek Helio G100,5800,6.7,3499,499,1899,2025,79999,44999
Oppo,Reno13 Pro 512GB,210,12,50,50,50,8,MediaTek Dimensity 8350,5800,6.8,5999,799,2999,2025,129999,69999
Oppo,Reno13 256GB,200,12,50,50,8,N/A,MediaTek Dimensity 8350,5600,6.6,4999,699,2599,2025,99999,54999
Oppo,Reno12 F 4G 256GB,187,8,32,50,8,2,Snapdragon 685,5000,6.7,3199,449,1699,2024,69999,39999
Oppo,Reno12 F 256GB,187,8,32,50,8,2,Snapdragon 685,5000,6.7,3199,449,1699,2024,69999,39999
Oppo,Reno12 Pro 512GB,190,12,32,50,32,8,MediaTek Dimensity 8200,4600,6.7,5499,749,2799,2024,119999,64999
Oppo,Reno12 256GB,185,8,32,50,8,N/A,MediaTek Dimensity 7050,5000,6.7,3999,599,2199,2024,89999,49999
Oppo,Reno11 F 256GB,185,8,32,64,8,2,MediaTek Dimensity 7050,5000,6.7,3499,499,1899,2024,79999,44999
Oppo,Reno11 Pro 512GB,190,12,32,50,32,8,MediaTek Dimensity 8200,4600,6.7,4999,699,2599,2024,109999,59999
Oppo,A5 Pro 256GB,180,8,16,50,2,N/A,Dimensity 7300,6000,6.7,3999,599,2199,2024,89999,49999
Oppo,A5 Pro 512GB,186,12,16,50,2,N/A,Dimensity 7300,6000,6.7,4499,699,2499,2024,99999,54999
Oppo,A80 256GB,186,8,8,50,2,N/A,Dimensity 6300,5100,6.7,3499,499,1899,2024,79999,44999
Oppo,A3 4G 128GB,186,4,5,50,N/A,N/A,Snapdragon 6s 4G Gen 1,5000,6.7,2999,399,1499,2024,59999,34999
Oppo,A3x 4G 128GB,186,4,8,8,2,N/A,Snapdragon 6s 4G Gen 1,5100,6.7,3199,449,1699,2024,64999,36999
Oppo,A3x 4G 256GB,186,6,8,8,2,N/A,Snapdragon 6s 4G Gen 1,5100,6.7,3499,499,1899,2024,69999,39999
Oppo,A3 128GB,186,4,5,50,N/A,N/A,Snapdragon 6s 4G Gen 1,5000,6.7,2999,399,1499,2024,59999,34999
Oppo,A3x 128GB,186,4,8,8,2,N/A,Snapdragon 6s 4G Gen 1,5100,6.7,3199,449,1699,2024,64999,36999
Oppo,A3x 256GB,186,6,8,8,2,N/A,Snapdragon 6s 4G Gen 1,5100,6.7,3499,499,1899,2024,69999,39999
Oppo,A3 128GB,186,4,5,50,N/A,N/A,Snapdragon 6s 4G Gen 1,5000,6.7,2999,399,1499,2024,59999,34999
Oppo,A60 128GB,186,8,8,50,2,N/A,Snapdragon 680 4G,5000,6.7,3199,449,1699,2024,69999,39999
Oppo,A60 256GB,186,8,8,50,2,N/A,Snapdragon 680 4G,5000,6.7,3499,499,1899,2024,74999,42999
Oppo,K12 Plus 256GB,192,8,16,50,N/A,N/A,Snapdragon 7 Gen 3,6400,6.7,4999,699,2599,2024,109999,59999
Oppo,K12 Plus 512GB,192,12,16,50,N/A,N/A,Snapdragon 7 Gen 3,6400,6.7,5499,799,2999,2024,119999,64999
Oppo,F27 128GB,175,8,32,64,2,N/A,Dimensity 7050,5000,6.7,3499,499,1899,2024,79999,44999
Oppo,F27 256GB,175,8,32,64,2,N/A,Dimensity 7050,5000,6.7,3799,549,2099,2024,84999,47999
Oppo,F27 Pro+ 256GB,177,8,32,64,2,N/A,Dimensity 7050,5000,6.7,3999,599,2199,2024,89999,49999
Oppo,F27 Pro+ 512GB,177,12,32,64,2,N/A,Dimensity 7050,5000,6.7,4499,699,2499,2024,99999,54999
Oppo,F25 Pro 128GB,173,8,32,64,2,N/A,Snapdragon 778G,4500,6.6,3499,549,1999,2023,74999,42999
Oppo,F25 Pro 256GB,173,8,32,64,2,N/A,Snapdragon 778G,4500,6.6,3799,599,2199,2023,79999,44999
Oppo,Pad 3 128GB,533,8,8,13,N/A,N/A,Dimensity 8350,9510,11.6,4499,699,2499,2024,99999,54999
Oppo,Pad 3 256GB,533,12,8,13,N/A,N/A,Dimensity 8350,9510,11.6,4999,799,2799,2024,109999,59999
Oppo,Pad 3 Pro 256GB,586,12,8,13,N/A,N/A,Snapdragon 8 Gen 3,9510,12.1,5499,899,3299,2024,119999,64999
Oppo,Pad 3 Pro 512GB,586,16,8,13,N/A,N/A,Snapdragon 8 Gen 3,9510,12.1,5999,999,3699,2024,129999,69999
Oppo,Pad Neo 128GB,520,6,8,13,N/A,N/A,Snapdragon 870,8360,11,3499,499,1899,2023,79999,44999
Oppo,Pad Neo 256GB,520,8,8,13,N/A,N/A,Snapdragon 870,8360,11,3999,599,2199,2023,89999,49999
Oppo,Find X7 Ultra 256GB,221,12,32,50,50,50,Snapdragon 8 Gen 3,5000,6.8,7999,1199,4399,2024,199999,109999
Oppo,Find X7 Ultra 512GB,221,16,32,50,50,50,Snapdragon 8 Gen 3,5000,6.8,8999,1299,4799,2024,219999,119999
Oppo,Find X7 256GB,206,12,32,50,50,64,Dimensity 9300,5000,6.8,6999,1099,3999,2024,179999,99999
Oppo,Find X7 512GB,206,16,32,50,50,64,Dimensity 9300,5000,6.8,7999,1199,4399,2024,199999,109999
Oppo,Find X6 Pro 256GB,218,12,32,50,50,50,Snapdragon 8 Gen 2,5000,6.8,6499,999,3699,2023,169999,94999
Oppo,Find X6 Pro 512GB,218,16,32,50,50,50,Snapdragon 8 Gen 2,5000,6.8,7499,1099,4099,2023,189999,104999
Oppo,Find X6 256GB,207,12,32,50,50,50,Dimensity 9200,4800,6.7,5999,899,3299,2023,149999,84999
Oppo,Find X6 512GB,207,16,32,50,50,50,Dimensity 9200,4800,6.7,6999,999,3699,2023,169999,94999
Oppo,Find X5 Pro 256GB,218,12,32,50,50,13,Snapdragon 8 Gen 1,5000,6.7,5999,899,3299,2022,159999,89999
Oppo,Find X5 Pro 512GB,218,16,32,50,50,13,Snapdragon 8 Gen 1,5000,6.7,6999,999,3699,2022,179999,99999
Oppo,Find X5 256GB,196,8,32,50,50,13,Snapdragon 888,4800,6.6,4999,799,2999,2022,139999,79999
Oppo,Find N2 Flip 256GB,191,8,32,50,8,N/A,Dimensity 9000+,4300,6.8,5999,899,3299,2023,149999,84999
Oppo,Find N2 Flip 512GB,191,12,32,50,8,N/A,Dimensity 9000+,4300,6.8,6999,999,3699,2023,169999,94999
Oppo,Find N2 256GB,233,12,32,50,48,32,Snapdragon 8+ Gen 1,4520,7.1,6999,1099,3999,2022,179999,99999
Oppo,Reno10 5G 128GB,180,8,32,64,32,8,Dimensity 7050,5000,6.7,2699,499,1899,2023,129999,38999
Oppo,Reno10 5G 256GB,180,8,32,64,32,8,Dimensity 7050,5000,6.7,2999,549,2099,2023,149999,42999
Oppo,Reno10 Pro 5G 256GB,186,12,32,50,32,8,Snapdragon 778G,4600,6.7,3499,599,2299,2023,169999,44999
Oppo,Reno10 Pro+ 5G 256GB,194,16,32,50,64,8,Snapdragon 8+ Gen 1,4700,6.7,3999,699,2599,2023,199999,54999
Oppo,Reno9 5G 128GB,174,8,32,64,2,N/A,Snapdragon 778G,4500,6.7,2399,449,1699,2022,109999,32999
Oppo,Reno9 5G 256GB,174,12,32,64,2,N/A,Snapdragon 778G,4500,6.7,2699,499,1899,2022,129999,36999
Oppo,Reno9 Pro 5G 256GB,184,16,32,50,8,N/A,Dimensity 8100,4500,6.7,3299,599,2199,2022,159999,42999
Oppo,Reno9 Pro+ 5G 256GB,192,16,32,50,8,2,Snapdragon 8+ Gen 1,4700,6.7,3799,649,2499,2022,189999,52999
Oppo,Reno8 5G 128GB,179,8,32,50,8,2,Dimensity 1300,4500,6.4,2199,399,1499,2022,89999,29999
Oppo,Reno8 5G 256GB,179,12,32,50,8,2,Dimensity 1300,4500,6.4,2499,449,1699,2022,99999,34999
Oppo,Reno8 Pro 5G 256GB,183,12,32,50,8,2,Dimensity 8100,4500,6.7,3099,549,1999,2022,129999,42999
Oppo,Reno8 Pro+ 5G 256GB,195,12,32,50,8,2,Dimensity 8100,4500,6.7,3399,599,2199,2022,139999,46999
Oppo,Reno7 5G 128GB,173,8,32,64,8,2,Dimensity 900,4500,6.4,1999,349,1299,2021,79999,28999
Oppo,Reno7 5G 256GB,173,12,32,64,8,2,Dimensity 900,4500,6.4,2199,399,1499,2021,89999,32999
Oppo,Reno7 Pro 5G 256GB,180,12,32,50,8,2,Dimensity 1200,4500,6.6,2799,499,1799,2021,109999,39999
Oppo,Reno6 5G 128GB,182,8,32,64,8,2,Dimensity 900,4300,6.4,2399,349,1299,2021,79999,29999
Oppo,Reno6 5G 256GB,182,12,32,64,8,2,Dimensity 900,4300,6.4,2699,399,1499,2021,89999,32999
Oppo,Reno6 Pro 5G 128GB,177,8,32,64,8,2,Dimensity 1200,4500,6.6,2999,449,1699,2021,99999,39999
Oppo,Reno6 Pro 5G 256GB,177,12,32,64,8,2,Dimensity 1200,4500,6.6,3299,499,1899,2021,109999,44999
Oppo,Reno6 Pro+ 5G 256GB,188,12,32,50,13,16,Snapdragon 870,4500,6.6,3999,599,2199,2021,129999,49999
Oppo,Reno5 5G 128GB,180,8,32,64,8,2,Snapdragon 765G,4300,6.4,2099,299,1099,2020,69999,26999
Oppo,Reno5 5G 256GB,180,12,32,64,8,2,Snapdragon 765G,4300,6.4,2399,349,1299,2020,79999,29999
Oppo,Reno5 Pro 5G 128GB,173,8,32,64,8,2,Dimensity 1000+,4350,6.6,2799,399,1499,2020,89999,32999
Oppo,Reno5 Pro 5G 256GB,173,12,32,64,8,2,Dimensity 1000+,4350,6.6,3099,449,1699,2020,99999,36999
Oppo,Reno5 Pro+ 5G 256GB,184,12,32,50,16,13,Snapdragon 865,4500,6.6,3799,599,2099,2020,119999,44999
Oppo,Reno4 5G 128GB,183,8,32,48,8,2,Snapdragon 765G,4000,6.4,1899,299,999,2020,59999,24999
Oppo,Reno4 5G 256GB,183,8,32,48,8,2,Snapdragon 765G,4000,6.4,2199,349,1199,2020,69999,26999
Oppo,Reno4 Pro 5G 256GB,172,12,32,48,13,12,Snapdragon 765G,4000,6.6,3299,499,1799,2020,99999,39999
Oppo,Reno3 5G 128GB,181,8,32,64,8,2,Dimensity 1000L,4025,6.4,1799,249,899,2019,49999,22999
Oppo,Reno3 5G 256GB,181,12,32,64,8,2,Dimensity 1000L,4025,6.4,2099,299,1099,2019,59999,26999
Oppo,Reno3 Pro 5G 256GB,171,12,32,48,13,8,Snapdragon 765G,4025,6.5,3299,499,1799,2019,79999,34999
Oppo,A59 5G 128GB,186,6,8,13,2,N/A,MediaTek Dimensity 6020,5000,6.6,1699,199,1000,2023,39999,14999
Oppo,A59 5G 256GB,186,8,8,13,2,N/A,MediaTek Dimensity 6020,5000,6.6,1899,229,1200,2023,44999,16999
Oppo,A58 5G 256GB,188,8,8,50,2,N/A,MediaTek Dimensity 700,5000,6.6,1699,249,1300,2022,49999,19000
Oppo,A57 5G 128GB,186,6,8,13,2,N/A,MediaTek Dimensity 810,5000,6.6,1599,219,1100,2022,34999,15999
Oppo,A56 5G 128GB,189,6,8,13,2,N/A,MediaTek Dimensity 700,5000,6.5,1499,199,1000,2021,32999,14999
Oppo,A55 5G 128GB,186,6,8,13,2,2,MediaTek Dimensity 700,5000,6.5,1399,189,950,2021,29999,13999
Oppo,A54 5G 128GB,190,6,16,48,8,2,Qualcomm Snapdragon 480,5000,6.5,1599,219,1100,2021,34999,15999
Oppo,A53 5G 128GB,175,4,8,16,2,2,MediaTek Dimensity 720,4040,6.5,1299,179,900,2020,27999,12999
Oppo,A52 5G 128GB,184,4,8,12,8,2,MediaTek Dimensity 720,4000,6.5,1199,169,850,2020,25999,11999
Oppo,A51 5G 128GB,186,4,8,13,2,2,MediaTek Dimensity 700,4000,6.5,1099,149,800,2020,23999,10999
Oppo,A50 5G 128GB,185,4,8,13,2,N/A,MediaTek Dimensity 700,4000,6.5,999,139,750,2020,21999,9999
Oppo,A49 5G 128GB,185,4,8,13,2,N/A,MediaTek Dimensity 700,4000,6.5,899,129,700,2020,19999,8999
Oppo,A40 128GB,186,4,5,50,N/A,N/A,Qualcomm Snapdragon 6s Gen 1,5100,6.7,1499,199,1000,2024,39999,19999
Oppo,A40 256GB,186,6,5,50,N/A,N/A,Qualcomm Snapdragon 6s Gen 1,5100,6.7,1799,229,1200,2024,44999,22999
Oppo,K11x 128GB,195,8,16,108,2,N/A,Qualcomm Snapdragon 695,5000,6.7,1499,199,1000,2023,59999,18000
Oppo,K11x 256GB,195,12,16,108,2,N/A,Qualcomm Snapdragon 695,5000,6.7,1699,229,1200,2023,64999,20000
Oppo,K10x 128GB,195,6,16,64,2,2,Qualcomm Snapdragon 695,5000,6.6,1499,199,1000,2022,54999,16990
Oppo,K10x 256GB,195,8,16,64,2,2,Qualcomm Snapdragon 695,5000,6.6,1699,229,1200,2022,59999,18990
Oppo,K10 5G 128GB,205,8,16,64,8,2,MediaTek Dimensity 8000-Max,5000,6.6,1799,249,1300,2022,64999,19999
Oppo,K9x 128GB,194,6,16,64,2,2,MediaTek Dimensity 810,5000,6.5,1499,199,1000,2021,49999,15999
Oppo,K9x 256GB,194,8,16,64,2,2,MediaTek Dimensity 810,5000,6.5,1699,229,1200,2021,54999,17999
Oppo,K9 Pro 5G 128GB,180,8,16,64,8,2,MediaTek Dimensity 1200,4500,6.4,2199,299,1500,2021,69999,24999
Oppo,K9 Pro 5G 256GB,180,12,16,64,8,2,MediaTek Dimensity 1200,4500,6.4,2499,329,1700,2021,74999,27999
Oppo,K9 5G 128GB,172,8,32,64,8,2,Qualcomm Snapdragon 768G,4300,6.4,1999,279,1400,2021,59999,22999
Oppo,K9 5G 256GB,172,8,32,64,8,2,Qualcomm Snapdragon 768G,4300,6.4,2199,299,1500,2021,64999,24999
Oppo,K7x 128GB,194,6,16,48,8,2,MediaTek Dimensity 720,5000,6.5,1499,199,1000,2020,44999,14999
Oppo,K7 5G 128GB,180,8,32,48,8,2,Qualcomm Snapdragon 765G,4025,6.4,1999,279,1400,2020,49999,19999
Oppo,K7 5G 256GB,180,8,32,48,8,2,Qualcomm Snapdragon 765G,4025,6.4,2199,299,1500,2020,54999,21999
Oppo,K11x 128GB,195,8,16,108,2,N/A,Qualcomm Snapdragon 695,5000,6.7,1499,199,1000,2023,59999,18000
Oppo,K11x 256GB,195,12,16,108,2,N/A,Qualcomm Snapdragon 695,5000,6.7,1699,229,1200,2023,64999,20000
Oppo,K11 128GB,184,8,16,64,8,2,Qualcomm Snapdragon 782G,5000,6.7,1899,259,1300,2023,69999,21999
Oppo,K11 256GB,184,12,16,64,8,2,Qualcomm Snapdragon 782G,5000,6.7,2199,299,1500,2023,74999,24999
Oppo,K10x 128GB,195,6,16,64,2,2,Qualcomm Snapdragon 695,5000,6.6,1499,199,1000,2022,54999,16990
Oppo,K10x 256GB,195,8,16,64,2,2,Qualcomm Snapdragon 695,5000,6.6,1699,229,1200,2022,59999,18990
Oppo,K10 5G 128GB,205,8,16,64,8,2,MediaTek Dimensity 8000-Max,5000,6.6,1799,249,1300,2022,64999,19999
Oppo,K10 5G 256GB,205,12,16,64,8,2,MediaTek Dimensity 8000-Max,5000,6.6,2099,279,1500,2022,69999,22999
Oppo,K9x 128GB,194,6,16,64,2,2,MediaTek Dimensity 810,5000,6.5,1499,199,1000,2021,49999,15999
Oppo,K9x 256GB,194,8,16,64,2,2,MediaTek Dimensity 810,5000,6.5,1699,229,1200,2021,54999,17999
Oppo,K9 Pro 5G 128GB,180,8,16,64,8,2,MediaTek Dimensity 1200,4500,6.4,2199,299,1500,2021,69999,24999
Oppo,K9 Pro 5G 256GB,180,12,16,64,8,2,MediaTek Dimensity 1200,4500,6.4,2499,329,1700,2021,74999,27999
Oppo,K9 5G 128GB,172,8,32,64,8,2,Qualcomm Snapdragon 768G,4300,6.4,1999,279,1400,2021,59999,22999
Oppo,K9 5G 256GB,172,8,32,64,8,2,Qualcomm Snapdragon 768G,4300,6.4,2199,299,1500,2021,64999,24999
Oppo,K7x 128GB,194,6,16,48,8,2,MediaTek Dimensity 720,5000,6.5,1499,199,1000,2020,44999,14999
Oppo,K7 5G 128GB,180,8,32,48,8,2,Qualcomm Snapdragon 765G,4025,6.4,1999,279,1400,2020,49999,19999
Realme,GT 7 Pro 128GB,223,12,16,50,50,8,Qualcomm Snapdragon 8 Elite,6500,6.8,3400,470,1725,2024,139999,59999
Realme,GT 7 Pro 256GB,223,16,16,50,50,8,Qualcomm Snapdragon 8 Elite,6500,6.8,3600,500,1840,2024,149999,65999
Realme,GT 6 128GB,191,8,32,50,8,50,Qualcomm Snapdragon 8s Gen 3,5500,6.8,2800,380,1400,2023,89999,37999
Realme,GT 6 256GB,191,12,32,50,8,50,Qualcomm Snapdragon 8s Gen 3,5500,6.8,2900,400,1460,2023,94999,39999
Realme,GT 6 512GB,191,16,32,50,8,50,Qualcomm Snapdragon 8s Gen 3,5500,6.8,3000,420,1520,2023,99999,41999
Realme,GT 6T 128GB,191,8,32,50,8,N/A,Qualcomm Snapdragon 7 Plus Gen 3,5500,6.8,2700,360,1330,2023,84999,28756
Realme,GT 6T 256GB,191,8,32,50,8,N/A,Qualcomm Snapdragon 7 Plus Gen 3,5500,6.8,2800,380,1400,2023,89999,30999
Realme,14 Pro+ 5G 256GB,184,12,16,50,8,50,Qualcomm Snapdragon 7s Gen 3,6000,6.8,2600,340,1250,2025,94999,34999
Realme,14 Pro+ 5G 512GB,184,12,16,50,8,50,Qualcomm Snapdragon 7s Gen 3,6000,6.8,2800,360,1320,2025,99999,36999
Realme,14 Pro 5G 128GB,184,8,16,50,8,N/A,MediaTek Dimensity 7300 Energy,5800,6.7,2400,320,1150,2025,79999,29999
Realme,14 Pro 5G 256GB,184,8,16,50,8,N/A,MediaTek Dimensity 7300 Energy,5800,6.7,2500,340,1210,2025,84999,31999
Realme,14x 5G 128GB,190,6,16,48,2,2,Qualcomm Snapdragon 7s Gen 2,5500,6.6,2000,270,970,2025,64999,24999
Realme,14x 5G 256GB,190,8,16,48,2,2,Qualcomm Snapdragon 7s Gen 2,5500,6.6,2100,290,1030,2025,69999,26999
Realme,13+ 5G 128GB,185,8,16,50,2,N/A,MediaTek Dimensity 7200,5000,6.5,1800,250,900,2024,59999,22999
Realme,13+ 5G 256GB,185,8,16,50,2,N/A,MediaTek Dimensity 7200,5000,6.5,1900,270,970,2024,64999,24999
Realme,13 5G 128GB,190,6,16,50,2,N/A,MediaTek Dimensity 6100+,5000,6.6,1500,220,800,2024,49999,18999
Realme,13 5G 256GB,190,8,16,50,2,N/A,MediaTek Dimensity 6100+,5000,6.6,1600,240,860,2024,54999,20999
Realme,13 Pro 5G 128GB,192,8,16,50,8,2,Qualcomm Snapdragon 7s Gen 2,5200,6.7,2200,300,1070,2024,74999,27999
Realme,13 Pro 5G 256GB,192,12,16,50,8,2,Qualcomm Snapdragon 7s Gen 2,5200,6.7,2400,320,1140,2024,79999,29999
Realme,13 Pro+ 5G 256GB,195,12,32,50,8,50,Qualcomm Snapdragon 7+ Gen 2,5500,6.8,2800,360,1320,2024,94999,34999
Realme,13 Pro+ 5G 512GB,195,16,32,50,8,50,Qualcomm Snapdragon 7+ Gen 2,5500,6.8,3000,380,1390,2024,99999,36999
Realme,P1 Speed 5G 128GB,185,8,16,64,2,N/A,MediaTek Dimensity 8100,5100,6.7,1800,250,900,2024,54999,19999
Realme,P1 Speed 5G 256GB,185,12,16,64,2,N/A,MediaTek Dimensity 8100,5100,6.7,1900,270,960,2024,59999,21999
Realme,P2 Pro 5G 256GB,188,12,32,50,8,50,Qualcomm Snapdragon 7+ Gen 3,5500,6.8,2500,340,1210,2024,89999,32999
Realme,P2 Pro 5G 512GB,188,16,32,50,8,50,Qualcomm Snapdragon 7+ Gen 3,5500,6.8,2700,360,1280,2024,94999,34999
Realme,P1 5G 128GB,184,6,16,50,2,N/A,MediaTek Dimensity 6100+,5000,6.6,1400,200,720,2024,44999,16999
Realme,P1 5G 256GB,184,8,16,50,2,N/A,MediaTek Dimensity 6100+,5000,6.6,1500,220,780,2024,49999,18999
Realme,P1 Pro 5G 128GB,190,8,16,64,2,N/A,Qualcomm Snapdragon 7s Gen 1,5200,6.7,1900,270,960,2024,59999,22999
Realme,P1 Pro 5G 256GB,190,12,16,64,2,N/A,Qualcomm Snapdragon 7s Gen 1,5200,6.7,2000,290,1020,2024,64999,24999
Realme,Narzo 70 Turbo 5G 128GB,200,8,16,50,2,N/A,MediaTek Dimensity 810,5000,6.6,1700,240,860,2024,54999,19999
Realme,Narzo 70 Turbo 5G 256GB,200,8,16,50,2,N/A,MediaTek Dimensity 810,5000,6.6,1800,260,920,2024,59999,21999
Realme,Narzo N61 128GB,195,6,16,50,2,N/A,MediaTek Helio G99,5000,6.5,1200,180,660,2024,39999,14999
Realme,Narzo N63 128GB,193,6,16,50,2,N/A,MediaTek Helio G88,5000,6.5,1100,160,600,2024,37999,13999
Realme,Narzo N65 5G 128GB,198,8,16,50,2,N/A,MediaTek Dimensity 700,5000,6.6,1500,210,780,2024,47999,17999
Realme,Narzo 70 5G 128GB,198,8,16,50,2,N/A,MediaTek Dimensity 810,5200,6.6,1600,230,830,2024,52999,19499
Realme,C75 128GB,190,6,8,50,2,N/A,MediaTek Helio G85,5000,6.6,1100,160,600,2024,37999,13999
Realme,C75 256GB,190,8,8,50,2,N/A,MediaTek Helio G85,5000,6.6,1200,180,660,2024,42999,15999
Realme,C61 128GB,189,4,8,50,2,N/A,Unisoc T612,5000,6.5,900,130,500,2024,32999,11999
Realme,C67 128GB,195,6,8,50,2,N/A,MediaTek Helio G88,5000,6.6,1200,170,620,2024,39999,14999
Realme,C67 256GB,195,8,8,50,2,N/A,MediaTek Helio G88,5000,6.6,1300,190,680,2024,44999,16999
Realme,C65 128GB,192,6,8,50,2,N/A,Qualcomm Snapdragon 680,5000,6.6,1100,160,600,2024,37999,13999
Realme,C65 256GB,192,8,8,50,2,N/A,Qualcomm Snapdragon 680,5000,6.6,1200,180,660,2024,42999,15999
Realme,C63 128GB,191,6,8,50,2,N/A,MediaTek Helio G85,5000,6.6,1050,150,580,2024,36999,13499
Realme,C55 128GB,189,6,8,64,2,N/A,MediaTek Helio G88,5000,6.7,1200,170,620,2023,39999,14999
Realme,C55 256GB,189,8,8,64,2,N/A,MediaTek Helio G88,5000,6.7,1300,190,680,2023,44999,16999
Realme,Note 60x 128GB,198,6,16,50,2,N/A,MediaTek Dimensity 6100+,5200,6.6,1500,210,780,2024,47999,17999
Realme,Note 60 128GB,196,6,16,50,2,N/A,MediaTek Dimensity 810,5200,6.6,1600,220,820,2024,49999,18999
Realme,Note 60 256GB,196,8,16,50,2,N/A,MediaTek Dimensity 810,5200,6.6,1700,240,880,2024,54999,20999
Realme,Note 50 128GB,195,6,16,50,2,N/A,MediaTek Helio G99,5000,6.5,1200,170,620,2024,42999,15999
Realme,GT 7 128GB,199,8,16,50,8,2,Qualcomm Snapdragon 8 Gen 2,5200,6.8,3200,440,1620,2024,124999,47999
Realme,GT 7 256GB,199,12,16,50,8,2,Qualcomm Snapdragon 8 Gen 2,5200,6.8,3600,500,1800,2024,139999,53999
Realme,Neo 7 128GB,193,8,16,64,8,2,MediaTek Dimensity 8200,5000,6.7,2400,330,1200,2024,79999,30999
Realme,Neo 7 256GB,193,12,16,64,8,2,MediaTek Dimensity 8200,5000,6.7,2800,380,1400,2024,94999,36999
Realme,P2 Pro 5G 128GB,195,8,16,50,8,N/A,MediaTek Dimensity 9200,5100,6.7,2500,350,1250,2024,84999,32999
Realme,P2 Pro 5G 256GB,195,12,16,50,8,N/A,MediaTek Dimensity 9200,5100,6.7,2900,400,1400,2024,99999,38999
Realme,Pad 64GB,440,4,8,8,N/A,N/A,MediaTek Helio G80,7100,10.4,1400,200,740,2021,57999,19999
Realme,Pad 128GB,440,6,8,8,N/A,N/A,MediaTek Helio G80,7100,10.4,1600,230,850,2021,64999,22999
Realme,Pad 2 128GB,482,6,8,8,N/A,N/A,MediaTek Helio G99,8360,11.5,2000,280,1050,2023,74999,27999
Realme,Pad 2 256GB,482,8,8,8,N/A,N/A,MediaTek Helio G99,8360,11.5,2300,320,1200,2023,84999,31999
Realme,Pad 2 Lite 64GB,466,4,8,8,N/A,N/A,MediaTek Helio G85,7100,10.4,1300,190,700,2023,54999,18999
Realme,Pad 2 Lite 128GB,466,6,8,8,N/A,N/A,MediaTek Helio G85,7100,10.4,1500,210,770,2023,61999,20999
Realme,Pad X 64GB,499,4,8,13,N/A,N/A,Qualcomm Snapdragon 695,8340,11,2200,310,1150,2022,79999,29999
Realme,Pad X 128GB,499,6,8,13,N/A,N/A,Qualcomm Snapdragon 695,8340,11,2500,350,1300,2022,89999,33999
Realme,Pad Mini 32GB,372,3,5,8,N/A,N/A,Unisoc T616,6400,8.7,1100,160,600,2022,44999,15999
Realme,Pad Mini 64GB,372,4,5,8,N/A,N/A,Unisoc T616,6400,8.7,1300,180,660,2022,49999,17999
Realme,Pad Slim 64GB,440,4,8,8,N/A,N/A,MediaTek Helio G80,7100,10.4,1350,200,730,2022,56999,19499
Realme,Pad Slim 128GB,440,6,8,8,N/A,N/A,MediaTek Helio G80,7100,10.4,1550,220,800,2022,62999,21999
Realme,TechLife Pad Neo 64GB,465,4,8,8,N/A,N/A,MediaTek Helio G85,7200,10.5,1400,210,770,2024,59999,20999
Realme,TechLife Pad Neo 128GB,465,6,8,8,N/A,N/A,MediaTek Helio G85,7200,10.5,1600,230,850,2024,64999,22999
Xiaomi,Xiaomi 15 Pro 256GB,210,12,32,50,50,50,Snapdragon 8 Elite,6100,6.7,5299,799,3299,2024,199999,89999
Xiaomi,Xiaomi 15 Pro 512GB,210,16,32,50,50,50,Snapdragon 8 Elite,6100,6.7,5799,899,3699,2024,219999,99999
Xiaomi,Xiaomi 15 Pro 1TB,210,16,32,50,50,50,Snapdragon 8 Elite,6100,6.7,6499,999,4099,2024,239999,109999
Xiaomi,Xiaomi 15 256GB,190,12,32,50,50,N/A,Snapdragon 8 Elite,5400,6.4,4299,699,2899,2024,179999,79999
Xiaomi,Xiaomi 15 512GB,190,16,32,50,50,N/A,Snapdragon 8 Elite,5400,6.4,4799,799,3299,2024,199999,89999
Xiaomi,Xiaomi 14T Pro 256GB,209,12,32,50,50,50,Dimensity 9300+,5000,6.7,3999,635,2699,2024,169999,74999
Xiaomi,Xiaomi 14T Pro 512GB,209,12,32,50,50,50,Dimensity 9300+,5000,6.7,4299,791,2999,2024,189999,84999
Xiaomi,Xiaomi 14T Pro 1TB,209,12,32,50,50,50,Dimensity 9300+,5000,6.7,4799,899,3299,2024,209999,94999
Xiaomi,Xiaomi 14T 256GB,195,12,32,50,50,N/A,Dimensity 8300-Ultra,5000,6.7,3499,599,2499,2024,149999,69999
Xiaomi,Xiaomi 14T 512GB,195,12,32,50,50,N/A,Dimensity 8300-Ultra,5000,6.7,3799,699,2799,2024,169999,79999
Xiaomi,Xiaomi 14 Pro 256GB,206,12,32,50,50,50,Snapdragon 8 Gen 3,5000,6.7,4799,799,3299,2023,189999,84999
Xiaomi,Xiaomi 14 Pro 512GB,206,12,32,50,50,50,Snapdragon 8 Gen 3,5000,6.7,5299,899,3699,2023,209999,94999
Xiaomi,Xiaomi 14 256GB,189,12,32,50,50,N/A,Snapdragon 8 Gen 3,4610,6.4,3999,699,2899,2023,169999,74999
Xiaomi,Xiaomi 14 512GB,189,12,32,50,50,N/A,Snapdragon 8 Gen 3,4610,6.4,4499,799,3299,2023,189999,84999
Xiaomi,Redmi Note 14 Pro+ 5G 128GB,205,8,16,200,8,2,Snapdragon 7s Gen 3,5110,6.7,2499,375,1499,2024,89999,29999
Xiaomi,Redmi Note 14 Pro+ 5G 256GB,205,12,16,200,8,2,Snapdragon 7s Gen 3,5110,6.7,2799,399,1599,2024,99999,32999
Xiaomi,Redmi Note 14 Pro+ 5G 512GB,205,16,16,200,8,2,Snapdragon 7s Gen 3,5110,6.7,3099,429,1699,2024,109999,35999
Xiaomi,Redmi Note 14 Pro 5G 128GB,195,8,16,108,8,2,MediaTek Dimensity 7300-Ultra,5500,6.7,2199,349,1399,2024,79999,27999
Xiaomi,Redmi Note 14 Pro 5G 256GB,195,12,16,108,8,2,MediaTek Dimensity 7300-Ultra,5500,6.7,2499,379,1499,2024,89999,30999
Xiaomi,Redmi Note 14 Pro 4G 128GB,190,6,16,108,8,2,Qualcomm Snapdragon 732G,5000,6.7,1999,299,1199,2024,69999,24999
Xiaomi,Redmi Note 14 Pro 4G 256GB,190,8,16,108,8,2,Qualcomm Snapdragon 732G,5000,6.7,2299,329,1299,2024,79999,27999
Xiaomi,Redmi Note 14 5G 128GB,185,6,16,50,8,2,MediaTek Dimensity 7025-Ultra,5000,6.7,1799,279,1099,2024,59999,21999
Xiaomi,Redmi Note 14 5G 256GB,185,8,16,50,8,2,MediaTek Dimensity 7025-Ultra,5000,6.7,2099,309,1199,2024,69999,24999
Xiaomi,Redmi Note 14 4G 128GB,180,4,16,50,8,2,Qualcomm Snapdragon 680,5000,6.7,1599,249,999,2024,49999,18999
Xiaomi,Redmi Note 14 4G 256GB,180,6,16,50,8,2,Qualcomm Snapdragon 680,5000,6.7,1899,279,1099,2024,59999,21999
Xiaomi,Redmi 14C 5G 64GB,195,4,8,50,2,N/A,MediaTek Dimensity 700,5000,6.5,1299,199,799,2024,39999,14999
Xiaomi,Redmi 14C 5G 128GB,195,6,8,50,2,N/A,MediaTek Dimensity 700,5000,6.5,1499,229,899,2024,44999,16999
Lenovo,Legion Y70 128GB,209,8,16,50,N/A,N/A,Snapdragon 8+ Gen 1,5100,6.7,3299,499,1899,2022,139999,49999
Lenovo,Legion Y70 256GB,209,12,16,50,N/A,N/A,Snapdragon 8+ Gen 1,5100,6.7,3699,549,2099,2022,159999,54999
Lenovo,Legion Y70 512GB,209,16,16,50,N/A,N/A,Snapdragon 8+ Gen 1,5100,6.7,4199,599,2299,2022,179999,59999
Lenovo,K14 Plus 64GB,198,4,8,48,N/A,N/A,Unisoc T700,5000,6.5,1299,199,749,2022,29999,10999
Lenovo,K14 Plus 128GB,198,6,8,48,N/A,N/A,Unisoc T700,5000,6.5,1499,229,849,2022,34999,12999
Lenovo,K13 Pro 128GB,200,6,16,64,N/A,N/A,Snapdragon 662,5000,6.8,1699,249,949,2021,39999,14999
Lenovo,K13 32GB,190,2,5,13,N/A,N/A,Unisoc SC9863A,5000,6.5,999,149,549,2021,19999,7499
Lenovo,K13 Note 64GB,200,4,8,48,N/A,N/A,Snapdragon 460,5000,6.5,1299,199,749,2021,29999,11999
Lenovo,K10 Plus 64GB,172,4,16,13,N/A,N/A,Snapdragon 632,4050,6.2,1199,179,699,2019,24999,10999
Lenovo,A6 Note 32GB,172,3,5,13,N/A,N/A,Helio P22,4000,6.1,999,149,549,2019,19999,9999
Lenovo,K10 Note 64GB,164,4,16,16,N/A,N/A,Snapdragon 710,4050,6.3,1499,219,799,2019,29999,13999
Lenovo,K10 Note 128GB,164,6,16,16,N/A,N/A,Snapdragon 710,4050,6.3,1699,249,899,2019,34999,15999
Lenovo,Z6 Pro 128GB,185,6,32,48,N/A,N/A,Snapdragon 855,4000,6.4,2899,429,1599,2019,69999,39999
Lenovo,Z6 Pro 256GB,185,8,32,48,N/A,N/A,Snapdragon 855,4000,6.4,3299,479,1799,2019,79999,44999
Lenovo,Z5 Pro 64GB,210,6,16,16,N/A,N/A,Snapdragon 710,3350,6.4,1998,299,1099,2018,49999,21400
Motorola,Edge 50 Fusion 128GB,168,8,32,50,N/A,N/A,Snapdragon 7 Gen 1,5000,6.7,2499,499,1899,2024,139999,29999
Motorola,Edge 50 Fusion 256GB,168,12,32,50,N/A,N/A,Snapdragon 7 Gen 1,5000,6.7,2799,549,2099,2024,159999,34999
Motorola,Edge 50 Pro 128GB,186,8,50,50,N/A,N/A,Snapdragon 7 Gen 3,4500,6.7,2999,549,2099,2024,169999,34999
Motorola,Edge 50 Pro 256GB,186,12,50,50,N/A,N/A,Snapdragon 7 Gen 3,4500,6.7,3299,599,2299,2024,189999,39999
Motorola,Razr 128GB,192,8,32,50,N/A,N/A,Snapdragon 8+ Gen 1,3500,6.7,5999,999,3699,2023,199999,59999
Motorola,Razr 256GB,192,12,32,50,N/A,N/A,Snapdragon 8+ Gen 1,3500,6.7,6499,1099,3999,2023,219999,64999
Motorola,G84 5G 128GB,166,8,16,50,N/A,N/A,Snapdragon 695,5000,6.5,1799,299,1099,2023,79999,19999
Motorola,G84 5G 256GB,166,12,16,50,N/A,N/A,Snapdragon 695,5000,6.5,1999,349,1299,2023,89999,22999
Motorola,Moto G Stylus 64GB,195,4,16,50,N/A,N/A,MediaTek Helio G88,5000,6.8,1499,199,799,2023,49999,21999
Motorola,Moto G Stylus 128GB,195,6,16,50,N/A,N/A,MediaTek Helio G88,5000,6.8,1699,249,899,2023,54999,24999
Motorola,One Vision 3 128GB,180,6,25,48,N/A,N/A,Exynos 9609,3500,6.3,1399,299,1099,2024,39999,19999
Motorola,One Vision 3 256GB,180,8,25,48,N/A,N/A,Exynos 9609,3500,6.3,1599,349,1299,2024,44999,22999
Motorola,Edge 50 Lite 128GB,170,6,32,64,N/A,N/A,Snapdragon 695,5000,6.7,2199,399,1499,2024,59999,27999
Motorola,Edge 50 Lite 256GB,170,8,32,64,N/A,N/A,Snapdragon 695,5000,6.7,2399,449,1699,2024,64999,29999
Motorola,Moto E40 Plus 64GB,198,4,8,48,N/A,N/A,Unisoc T700,5000,6.5,1299,199,749,2023,29999,11999
Motorola,Moto E40 Plus 128GB,198,6,8,48,N/A,N/A,Unisoc T700,5000,6.5,1499,229,849,2023,34999,13999
Motorola,Moto G Power 64GB,206,4,16,50,N/A,N/A,Snapdragon 662,5000,6.6,1599,249,949,2022,39999,17999
Motorola,Moto G Power 128GB,206,6,16,50,N/A,N/A,Snapdragon 662,5000,6.6,1799,279,1049,2022,44999,19999
Motorola,Moto G Play 32GB,203,3,5,13,N/A,N/A,MediaTek Helio G25,5000,6.5,999,149,549,2022,24999,9999
Motorola,Moto G Play 64GB,203,4,5,13,N/A,N/A,MediaTek Helio G25,5000,6.5,1199,179,649,2022,29999,11999
Motorola,Moto G75 5G 128GB,205,8,16,50,N/A,N/A,Snapdragon 6 Gen 3,5000,6.8,2699,320,1175,2024,89999,34999
Motorola,Moto G75 5G 256GB,205,8,16,50,N/A,N/A,Snapdragon 6 Gen 3,5000,6.8,2999,370,1350,2024,99999,39999
Motorola,Moto S50 128GB,190,8,32,64,N/A,N/A,MediaTek Dimensity 8100,4500,6.7,2499,300,1100,2024,79999,29999
Motorola,Moto S50 256GB,190,12,32,64,N/A,N/A,MediaTek Dimensity 8100,4500,6.7,2799,350,1275,2024,89999,34999
Motorola,Edge 50 Neo 256GB,171,8,32,50,N/A,N/A,MediaTek Dimensity 7300,4310,6.4,2999,400,1500,2024,99999,39999
Motorola,Edge 50 Neo 512GB,171,12,32,50,N/A,N/A,MediaTek Dimensity 7300,4310,6.4,3299,450,1675,2024,109999,44999
Motorola,Moto G55 128GB,182,8,16,50,N/A,N/A,MediaTek Dimensity 7025,5000,6.5,2199,270,1000,2024,69999,26999
Motorola,Moto G55 256GB,182,8,16,50,N/A,N/A,MediaTek Dimensity 7025,5000,6.5,2499,320,1175,2024,79999,29999
Motorola,Moto G35 128GB,188,4,16,50,N/A,N/A,Unisoc T760,5000,6.7,1599,200,750,2024,49999,18999
Motorola,Moto G35 256GB,188,8,16,50,N/A,N/A,Unisoc T760,5000,6.7,1899,250,925,2024,59999,22999
Motorola,Moto G45 128GB,183,6,16,50,N/A,N/A,Snapdragon 6s Gen 3,5000,6.5,1899,250,925,2024,59999,22999
Motorola,Moto G45 256GB,183,8,16,50,N/A,N/A,Snapdragon 6s Gen 3,5000,6.5,2199,300,1100,2024,69999,26999
Motorola,Edge 50 256GB,180,8,32,50,N/A,N/A,Snapdragon 7s Gen 2,4700,6.7,3299,450,1675,2024,109999,44999
Motorola,Edge 50 512GB,180,12,32,50,N/A,N/A,Snapdragon 7s Gen 2,4700,6.7,3599,500,1850,2024,119999,49999
Motorola,Razr 50 Ultra 512GB,189,12,32,50,N/A,N/A,Snapdragon 8+ Gen 1,4000,6.9,7999,1199,4399,2024,249999,99999
Motorola,Razr 50 256GB,188,8,32,50,N/A,N/A,Snapdragon 7 Gen 1,3800,6.7,5999,999,3699,2024,199999,79999
Motorola,Moto G85 128GB,173,8,32,50,N/A,N/A,Snapdragon 6s Gen 3,5000,6.7,2499,320,1175,2024,79999,29999
Motorola,Moto G85 256GB,173,12,32,50,N/A,N/A,Snapdragon 6s Gen 3,5000,6.7,2799,370,1350,2024,89999,34999
Motorola,S50 Neo 256GB,170,8,32,50,N/A,N/A,MediaTek Dimensity 7200,4300,6.5,2199,300,1100,2024,69999,26999
Motorola,S50 Neo 512GB,170,12,32,50,N/A,N/A,MediaTek Dimensity 7200,4300,6.5,2499,350,1275,2024,79999,29999
Motorola,Moto E14 64GB,180,4,8,13,N/A,N/A,Unisoc T606,5000,6.5,999,150,550,2024,29999,11999
Motorola,Moto E14 128GB,180,4,8,13,N/A,N/A,Unisoc T606,5000,6.5,1199,180,650,2024,34999,13999
Motorola,Edge 256GB,174,8,32,50,N/A,N/A,Snapdragon 7s Gen 2,4700,6.7,3299,450,1675,2024,109999,44999
Motorola,Edge 512GB,174,12,32,50,N/A,N/A,Snapdragon 7s Gen 2,4700,6.7,3599,500,1850,2024,119999,49999
Motorola,Moto X50 Ultra 512GB,198,12,60,200,N/A,N/A,Snapdragon 8 Gen 3,5000,6.9,8999,1499,5499,2024,299999,119999
Motorola,Moto G Stylus 5G 256GB,195,6,16,50,N/A,N/A,Snapdragon 6 Gen 1,5000,6.8,2199,300,1100,2024,69999,26999
Motorola,Moto G Stylus 5G 512GB,195,8,16,50,N/A,N/A,Snapdragon 6 Gen 1,5000,6.8,2499,350,1275,2024,79999,29999
Motorola,Edge 50 Ultra 512GB,198,12,60,200,N/A,N/A,Snapdragon 8 Gen 3,5000,6.9,8999,1499,5499,2024,299999,119999
Motorola,Edge 30 Fusion 128GB,168,8,32,50,N/A,N/A,Snapdragon 888+ 5G,4400,6.6,3999,699,2599,2022,119999,49999
Motorola,Edge 30 Fusion 256GB,168,12,32,50,N/A,N/A,Snapdragon 888+ 5G,4400,6.6,4299,749,2799,2022,129999,54999
Motorola,Edge 30 Neo 128GB,155,6,32,64,N/A,N/A,Snapdragon 695 5G,4020,6.3,2499,499,1799,2022,89999,34999
Motorola,Edge 30 Neo 256GB,155,8,32,64,N/A,N/A,Snapdragon 695 5G,4020,6.3,2799,549,1999,2022,99999,39999
Motorola,Moto G82 5G 128GB,173,6,16,50,N/A,N/A,Snapdragon 695 5G,5000,6.6,1999,399,1499,2022,64999,24999
Motorola,Moto G82 5G 256GB,173,8,16,50,N/A,N/A,Snapdragon 695 5G,5000,6.6,2299,449,1699,2022,74999,29999
Motorola,Moto G62 5G 128GB,184,4,16,50,N/A,N/A,Snapdragon 480+ 5G,5000,6.5,1599,349,1299,2022,54999,19999
Motorola,Moto G62 5G 256GB,184,6,16,50,N/A,N/A,Snapdragon 480+ 5G,5000,6.5,1899,399,1499,2022,64999,24999
Motorola,Moto G42 128GB,175,4,16,50,N/A,N/A,Snapdragon 680 4G,5000,6.4,1399,299,1099,2022,44999,16999
Motorola,Moto G32 128GB,184,4,16,50,N/A,N/A,Snapdragon 680 4G,5000,6.5,1299,279,999,2022,39999,14999
Motorola,Moto E32s 64GB,185,3,8,16,N/A,N/A,MediaTek Helio G37,5000,6.5,999,199,749,2022,29999,11999
Motorola,Moto E22i 32GB,169,2,5,16,N/A,N/A,MediaTek Helio G37,4020,6.5,899,179,699,2022,24999,9999
Motorola,Moto E22 64GB,169,4,5,16,N/A,N/A,MediaTek Helio G37,4020,6.5,999,199,749,2022,27999,10999
Motorola,Moto G22 64GB,185,4,16,50,N/A,N/A,MediaTek Helio G37,5000,6.5,1199,249,899,2022,34999,12999
Huawei,P50,181,8,13,50,N/A,N/A,Snapdragon 888 4G,4100,6.5,4488,699,2599,2021,129999,59999
Huawei,P50 Pro,195,8,13,50,N/A,N/A,Snapdragon 888 4G,4360,6.6,5988,899,3299,2021,149999,79999
Huawei,P50 Pocket,190,8,10,40,N/A,N/A,Snapdragon 888 4G,4000,6.9,8988,1299,4799,2021,199999,129999
Huawei,Mate 40E,188,8,13,64,N/A,N/A,Kirin 990E 5G,4200,6.5,4599,799,2999,2021,139999,69999
Huawei,Mate X2,295,8,16,50,N/A,N/A,Kirin 9000 5G,4500,8,17999,2699,9999,2021,349999,249999
Huawei,Nova 9,175,8,32,50,N/A,N/A,Snapdragon 778G 4G,4300,6.6,2699,499,1899,2021,89999,37999
Huawei,Nova 9 Pro,186,8,32,50,N/A,N/A,Snapdragon 778G 4G,4000,6.7,3499,599,2199,2021,109999,44999
Huawei,P50E,181,8,13,50,N/A,N/A,Snapdragon 778G 4G,4100,6.5,4088,649,2399,2022,119999,54999
Huawei,Mate Xs 2,255,8,10,50,N/A,N/A,Snapdragon 888 4G,4600,7.8,14999,2499,8999,2022,299999,199999
Huawei,Mate 50,202,8,13,50,N/A,N/A,Snapdragon 8+ Gen 1 4G,4460,6.7,6299,999,3699,2022,169999,84999
Huawei,Mate 50 Pro,205,8,13,50,N/A,N/A,Snapdragon 8+ Gen 1 4G,4700,6.7,7299,1199,4399,2022,189999,99999
Huawei,Nova 10,168,8,60,50,N/A,N/A,Snapdragon 778G 4G,4000,6.7,2699,499,1899,2022,99999,39999
Huawei,Nova 10 Pro,191,8,60,50,N/A,N/A,Snapdragon 778G 4G,4500,6.8,3499,599,2199,2022,119999,49999
Huawei,Nova 10 SE,184,8,16,108,N/A,N/A,Snapdragon 680 4G,4500,6.7,2299,399,1499,2022,79999,34999
Huawei,P60,197,8,13,48,13,48,Snapdragon 8+ Gen 1 4G,4815,6.7,6988,999,3699,2023,169999,84999
Huawei,P60 Pro,200,12,13,48,13,48,Snapdragon 8+ Gen 1 4G,4815,6.7,7988,1099,4199,2023,189999,99999
Huawei,P60 Art,206,12,13,48,40,48,Snapdragon 8+ Gen 1 4G,5100,6.7,8988,1299,4799,2023,219999,119999
Huawei,Mate X3,239,12,8,50,13,12,Snapdragon 8+ Gen 1 4G,4800,7.9,13999,2499,9999,2023,349999,249999
Huawei,Mate 60,209,12,13,50,12,12,Kirin 9000S,4750,6.7,6999,1099,4099,2023,199999,109999
Huawei,Mate 60 Pro,225,12,13,50,40,48,Kirin 9000S,5000,6.8,7999,1299,4699,2023,229999,129999
Huawei,Mate 60 Pro+,235,12,13,50,48,48,Kirin 9000S,5200,6.8,8999,1499,5199,2023,249999,149999
Huawei,Nova 11,168,8,60,50,8,N/A,Snapdragon 778G 4G,4500,6.7,2999,499,1899,2023,89999,44999
Huawei,Nova 11 Pro,188,8,60,50,8,N/A,Snapdragon 778G 4G,4500,6.8,3499,599,2199,2023,109999,54999
Huawei,Nova 11 Ultra,188,12,60,50,8,N/A,Snapdragon 778G 4G,4500,6.8,3999,699,2499,2023,129999,64999
Huawei,Pura 70,220,12,13,50,13,12,Kirin 9010,4900,6.8,6988,999,3699,2024,169999,84999
Huawei,Pura 70 Pro,220,12,13,50,12,48,Kirin 9010,5050,6.8,7988,1099,4199,2024,189999,99999
Huawei,Pura 70 Pro+,220,12,13,50,12,48,Kirin 9010,5050,6.8,8988,1199,4699,2024,209999,114999
Huawei,Pura 70 Ultra,226,16,13,50,40,50,Kirin 9010,5200,6.8,9988,1299,5199,2024,229999,129999
Huawei,Mate 70,220,12,13,50,12,N/A,Kirin 9010,4900,6.7,5499,899,3399,2024,179999,89999
Huawei,Mate 70 Pro,220,12,13,50,12,40,Kirin 9010,5000,6.8,6499,999,3899,2024,199999,104999
Huawei,Mate 70 Pro+,220,12,13,50,12,40,Kirin 9010,5000,6.8,7499,1099,4399,2024,219999,119999
Huawei,Mate X6,241,12,8,50,13,12,Kirin 9010,4800,7.9,12999,2499,9999,2024,349999,249999
Huawei,Nova 12,168,8,60,50,8,N/A,Kirin 9000S,4500,6.7,2999,499,1899,2024,89999,44999
Huawei,Nova 12 Pro,188,8,60,50,8,N/A,Kirin 9000S,4500,6.8,3499,599,2199,2024,109999,54999
Huawei,Mate XT 256GB,245,12,13,50,12,48,Kirin 9010,5000,7.9,13499,2599,10499,2024,359999,259999
Huawei,Mate XT 512GB,245,12,13,50,12,48,Kirin 9010,5000,7.9,14499,2799,11099,2024,389999,274999
Huawei,Nova 13 256GB,170,8,50,50,8,N/A,Kirin 9000S,4600,6.7,3199,529,1999,2024,94999,47999
Huawei,Nova 13 512GB,170,8,50,50,8,N/A,Kirin 9000S,4600,6.7,3699,599,2299,2024,109999,54999
Huawei,Nova 13 Pro 256GB,190,8,60,50,8,N/A,Kirin 9000S,4600,6.8,3999,649,2399,2024,119999,59999
Huawei,Nova 13 Pro 512GB,190,8,60,50,8,N/A,Kirin 9000S,4600,6.8,4499,729,2699,2024,134999,67999
Nokia,G42 5G 128GB,193,4,8,50,N/A,N/A,Snapdragon 480+,5000,6.6,1499,229,849,2023,74999,18999
Nokia,G20 64GB,197,4,8,48,N/A,N/A,MediaTek G35,5050,6.5,999,169,629,2021,48999,12499
Nokia,G20 128GB,197,4,8,48,N/A,N/A,MediaTek G35,5050,6.5,1199,189,699,2021,54999,13999
Nokia,C32 64GB,199,3,8,50,N/A,N/A,Unisoc SC9863A,5000,6.5,899,139,499,2023,39999,9999
Nokia,C32 128GB,199,4,8,50,N/A,N/A,Unisoc SC9863A,5000,6.5,999,159,549,2023,44999,10999
Nokia,G21 64GB,190,4,8,50,N/A,N/A,Unisoc T606,5050,6.5,1099,169,619,2022,46999,11999
Nokia,G21 128GB,190,6,8,50,N/A,N/A,Unisoc T606,5050,6.5,1299,189,699,2022,52999,13999
Nokia,C22 64GB,190,2,8,13,N/A,N/A,Unisoc SC9863A,5000,6.5,799,119,449,2023,34999,8499
Nokia,C22 128GB,190,3,8,13,N/A,N/A,Unisoc SC9863A,5000,6.5,899,139,499,2023,38999,9499
Nokia,G400 128GB,198,6,16,48,N/A,N/A,Snapdragon 480,5000,6.6,1799,239,899,2022,79999,22999
Sony,Xperia 1 IV 256GB,185,12,12,12,N/A,N/A,Snapdragon 8 Gen 1,5000,6.5,7299,1599,5799,2022,429999,119999
Sony,Xperia 5 IV 128GB,172,8,12,12,N/A,N/A,Snapdragon 8 Gen 1,5000,6.1,5999,999,3799,2022,319999,89999
Sony,Xperia 10 IV 128GB,161,6,8,12,N/A,N/A,Snapdragon 695,5000,6,3299,499,1799,2022,179999,49999
Sony,Xperia 1 V 256GB,187,12,12,48,N/A,N/A,Snapdragon 8 Gen 2,5000,6.5,7999,1699,5999,2023,449999,124999
Sony,Xperia 5 V 128GB,178,8,12,48,N/A,N/A,Snapdragon 8 Gen 2,5000,6.1,6299,1099,4099,2023,339999,94999
Sony,Xperia 10 V 128GB,164,6,8,48,N/A,N/A,Snapdragon 695,5000,6.1,3699,599,1999,2023,199999,54999
Sony,Xperia 1 VI 256GB,190,12,12,48,N/A,N/A,Snapdragon 8 Gen 3,5000,6.5,8499,1799,6199,2024,469999,129999
Sony,Xperia 5 VI 128GB,180,8,12,48,N/A,N/A,Snapdragon 8 Gen 3,5000,6.1,6599,1199,4399,2024,349999,99999
Sony,Xperia 10 VI 128GB,167,6,8,48,N/A,N/A,Snapdragon 7 Gen 1,5000,6.1,3999,699,2199,2024,209999,59999
Nokia,T21,466,4,8,8,N/A,N/A,Unisoc T612,8200,10.4,1250,39622,870,2022,52000,17999
Huawei,MatePad Pro 12.2 512GB,508,12,16,13,N/A,N/A,Kirin 9000S,10100,12.2,4799,999,2199,2024,161500,49990
Huawei,MatePad Pro 13.2 512GB,580,12,16,13,N/A,N/A,Kirin 9000S,10100,13.2,5199,877,2199,2024,197000,58590
Google,Pixel 3a 64GB,147,4,8,12,N/A,N/A,Snapdragon 670,3000,5.6,2899,399,1599,2019,69999,39999
Google,Pixel 3a XL 64GB,167,4,8,12,N/A,N/A,Snapdragon 670,3700,6,3299,479,1799,2019,79999,44999
Google,Pixel 4 64GB,162,6,8,12,N/A,N/A,Snapdragon 855,2800,5.7,4799,799,3199,2019,119999,59999
Google,Pixel 4 XL 64GB,193,6,8,12,N/A,N/A,Snapdragon 855,3700,6.3,5499,899,3599,2019,139999,69999
Google,Pixel 4a 128GB,143,6,8,12,N/A,N/A,Snapdragon 730G,3140,5.8,2999,349,1399,2020,89999,31999
Google,Pixel 4a 5G 128GB,168,6,8,12,N/A,N/A,Snapdragon 765G,3885,6.2,3799,499,1999,2020,109999,37999
Google,Pixel 5 128GB,151,8,8,12,N/A,N/A,Snapdragon 765G,4080,6,4599,699,2799,2020,139999,49999
Google,Pixel 5a 128GB,183,6,8,12,N/A,N/A,Snapdragon 765G,4680,6.3,3999,449,1799,2021,109999,42999
Google,Pixel 6 128GB,207,8,8,50,N/A,N/A,Google Tensor,4614,6.4,5999,699,2999,2021,159999,59999
Google,Pixel 6 Pro 256GB,210,12,11.1,50,N/A,N/A,Google Tensor,5003,6.7,7199,899,3499,2021,199999,79999
Google,Pixel 6a 128GB,178,6,8,12,N/A,N/A,Google Tensor,4410,6.1,4299,449,1999,2022,129999,43999
Google,Pixel 7 128GB,197,8,10.8,50,N/A,N/A,Google Tensor G2,4355,6.3,6199,599,2399,2022,169999,64999
Google,Pixel 7 Pro 256GB,212,12,10.8,50,N/A,N/A,Google Tensor G2,5000,6.7,7999,899,3599,2022,229999,89999
Google,Pixel 7a 128GB,193,8,10.8,64,N/A,N/A,Google Tensor G2,4385,6.1,4599,499,2199,2023,139999,44999
Google,Pixel 8 128GB,187,8,10.5,50,N/A,N/A,Google Tensor G3,4575,6.2,6399,699,2799,2023,179999,69999
Google,Pixel 8 Pro 256GB,213,12,10.5,50,N/A,N/A,Google Tensor G3,5050,6.7,8499,999,3999,2023,249999,99999
Google,Pixel 8a 128GB,194,8,10.5,64,N/A,N/A,Google Tensor G3,4385,6.1,4999,549,2399,2024,149999,49999
Google,Pixel 9 128GB,195,8,10.8,50,N/A,N/A,Google Tensor G4,4600,6.3,6599,799,3199,2024,189999,74999
Google,Pixel 9 Pro 256GB,216,12,10.8,50,N/A,N/A,Google Tensor G4,5050,6.7,8799,1099,4199,2024,259999,109999
Google,Pixel 9 Pro XL 512GB,222,16,10.8,50,N/A,N/A,Google Tensor G4,5250,6.8,9799,1299,4999,2024,299999,129999
Google,Pixel 9 Pro Fold 512GB,250,16,10.8,50,N/A,N/A,Google Tensor G4,5500,7.6,13999,1799,6999,2024,399999,179999
Tecno,Spark Go 1S 64GB,190,4,8,13,N/A,N/A,MediaTek Helio A22,5000,6.6,799,129,499,2024,27999,9999
Tecno,Megapad 11 256GB,450,8,13,50,N/A,N/A,MediaTek G99,8000,11,2499,349,1299,2024,69999,29999
Tecno,Pop 9 4G 64GB,195,3,5,8,N/A,N/A,Unisoc SC9863A,5000,6.5,599,99,399,2024,22999,7499
Tecno,Megapad 128GB,420,6,12,50,N/A,N/A,MediaTek Helio G80,7500,10.9,2299,299,1099,2024,59999,24999
Tecno,Camon 30S 256GB,198,8,32,50,N/A,N/A,MediaTek Dimensity 810,5200,6.8,3199,499,1999,2024,89999,39999
Tecno,Spark 30C 5G 128GB,200,6,16,50,N/A,N/A,MediaTek Dimensity 6100+,5000,6.6,1199,199,749,2024,39999,14999
Tecno,Spark 30 5G 128GB,195,6,16,50,N/A,N/A,MediaTek Dimensity 6020,5000,6.6,1399,229,849,2024,42999,16999
Tecno,Pop 9 64GB,190,3,5,8,N/A,N/A,Unisoc SC9832E,5000,6.5,549,89,349,2024,21999,6999
Tecno,Spark 30 Pro 256GB,205,8,32,50,N/A,N/A,MediaTek Helio G99,5200,6.8,1799,269,999,2024,54999,19999
Tecno,Spark 30 128GB,192,4,16,50,N/A,N/A,MediaTek Helio G85,5000,6.6,1099,179,699,2024,34999,12999
Tecno,Phantom V Fold2 512GB,280,12,32,64,N/A,N/A,MediaTek Dimensity 9200+,5500,7.9,12999,1799,6999,2024,399999,169999
Tecno,Phantom V Flip2 256GB,195,8,32,50,N/A,N/A,MediaTek Dimensity 8050,4300,6.9,5999,999,3999,2024,159999,79999
Tecno,Pova 6 Neo 5G 256GB,225,8,16,50,N/A,N/A,MediaTek Dimensity 810,6000,6.8,2499,349,1299,2024,69999,29999
Tecno,Spark 30C 128GB,190,4,16,50,N/A,N/A,MediaTek Helio G85,5000,6.6,999,149,599,2024,32999,11999
Tecno,Spark Go 1 64GB,195,3,5,8,N/A,N/A,Unisoc SC9863A,5000,6.5,599,99,399,2024,22999,7499
Tecno,Camon 30S Pro 512GB,202,12,50,108,N/A,N/A,MediaTek Dimensity 9200,5200,6.9,6999,1099,4199,2024,159999,79999
Tecno,Spark 20P 128GB,195,4,16,50,N/A,N/A,MediaTek Helio G85,5000,6.6,1199,179,699,2024,37999,13999
Tecno,Spark 20 Pro 5G 256GB,210,8,32,50,N/A,N/A,MediaTek Dimensity 810,5200,6.8,2299,329,1199,2024,59999,24999
Tecno,Pova 6 Neo 256GB,230,8,16,50,N/A,N/A,MediaTek Helio G99,6000,6.8,1899,299,1099,2024,55999,22999
Tecno,Camon 30 Premier 512GB,210,12,50,108,N/A,N/A,MediaTek Dimensity 9200,5200,6.9,7499,1199,4499,2024,179999,89999
Tecno,Camon 30 Pro 512GB,205,12,50,64,N/A,N/A,MediaTek Dimensity 8200,5200,6.8,5499,899,3299,2024,129999,64999
Tecno,Camon 30 5G 256GB,198,8,32,50,N/A,N/A,MediaTek Dimensity 810,5000,6.7,3199,499,1999,2024,89999,39999
Tecno,Camon 30 128GB,195,6,32,50,N/A,N/A,MediaTek Helio G99,5000,6.7,2499,349,1299,2024,69999,29999
Tecno,Pova 6 Pro 512GB,230,12,32,64,N/A,N/A,MediaTek Dimensity 8100,6000,6.9,6999,1099,4199,2024,159999,79999
Tecno,Spark 20 Pro+ 256GB,210,8,32,50,N/A,N/A,MediaTek Helio G99,5200,6.8,1799,269,999,2024,54999,19999
Tecno,Spark 20 Pro 128GB,195,6,16,50,N/A,N/A,MediaTek Helio G85,5000,6.6,1199,199,749,2024,39999,14999
Tecno,Spark 20 128GB,192,4,16,50,N/A,N/A,MediaTek Helio G85,5000,6.6,1099,179,699,2024,34999,12999
Tecno,Spark 20C 128GB,190,4,16,50,N/A,N/A,MediaTek Helio G85,5000,6.6,999,149,599,2024,32999,11999
Tecno,Spark Go 2024 64GB,195,3,5,8,N/A,N/A,Unisoc SC9863A,5000,6.5,599,99,399,2024,22999,7499
Tecno,Pop 8 64GB,195,3,5,8,N/A,N/A,Unisoc SC9832E,5000,6.5,549,89,349,2024,21999,6999
Tecno,Camon 20s Pro 5G 512GB,202,12,50,108,N/A,N/A,MediaTek Dimensity 9200,5200,6.9,6999,1099,4199,2024,159999,79999
Tecno,Camon 20s Pro 256GB,202,12,50,108,N/A,N/A,MediaTek Dimensity 810,5200,6.9,4999,899,3499,2024,129999,59999
Tecno,Camon 20s 256GB,200,8,32,50,N/A,N/A,MediaTek Helio G99,5000,6.7,2799,449,1799,2024,79999,34999
Tecno,Camon 20 Premier 512GB,205,12,50,108,N/A,N/A,MediaTek Dimensity 8200,5200,6.8,6499,1049,3999,2024,149999,74999
Tecno,Camon 20 Pro 5G 256GB,200,8,32,50,N/A,N/A,MediaTek Dimensity 810,5000,6.7,3199,499,1999,2024,89999,39999
Tecno,Camon 20 Pro 128GB,198,6,32,50,N/A,N/A,MediaTek Helio G99,5000,6.7,2499,349,1299,2024,69999,29999
Tecno,Camon 20 128GB,195,6,32,50,N/A,N/A,MediaTek Helio G99,5000,6.7,2499,349,1299,2024,69999,29999
Tecno,Pova 5G 512GB,240,8,32,50,N/A,N/A,MediaTek Dimensity 900,6000,6.9,4499,699,2799,2024,119999,54999
Tecno,Pova 5 256GB,230,8,16,50,N/A,N/A,MediaTek Helio G99,6000,6.8,2299,329,1199,2024,59999,24999
Infinix,Xpad,450,6,8,13,N/A,N/A,MediaTek Helio G99,7000,10.1,1999,299,1099,2024,54999,21999
Infinix,Xpad 5G,470,8,16,50,N/A,N/A,MediaTek Dimensity 810,8000,10.4,2499,399,1499,2024,79999,29999
Infinix,Xpad Lite,420,4,5,8,N/A,N/A,Unisoc T606,6000,9.7,1399,219,799,2024,39999,14999
Infinix,Xpad Pro,480,12,32,50,N/A,N/A,MediaTek Dimensity 9200,9000,11,3499,549,1999,2024,99999,39999
Infinix,Hot 50,192,6,8,50,N/A,N/A,MediaTek Helio G85,5000,6.8,1399,219,799,2024,39999,14999
Infinix,Hot 50i,190,4,8,50,N/A,N/A,Unisoc T606,5000,6.6,1199,179,699,2024,32999,12499
Infinix,Hot 50 5G,195,8,16,50,N/A,N/A,MediaTek Dimensity 810,5200,6.8,1799,289,1049,2024,48999,18999
Infinix,Hot 50 Pro,194,8,16,50,N/A,N/A,MediaTek Helio G99,5000,6.8,1699,269,999,2024,45999,17999
Infinix,Hot 50 Pro+,196,12,32,108,N/A,N/A,MediaTek Dimensity 9200,5300,6.9,2499,379,1399,2024,64999,24999
Infinix,GT 20 Pro,198,12,32,108,N/A,N/A,MediaTek Dimensity 8200,5500,6.9,2999,449,1699,2024,89999,32999
Infinix,Note 40X 5G,198,8,32,108,N/A,N/A,MediaTek Dimensity 7200,5200,6.8,2299,349,1299,2024,64999,23999
Infinix,Note 40S,196,8,32,50,N/A,N/A,MediaTek Helio G99,5000,6.8,1799,279,999,2024,42999,16999
Infinix,Note 40 5G,195,8,32,108,N/A,N/A,MediaTek Dimensity 8100,5200,6.8,1999,319,1099,2024,54999,19999
Infinix,Note 40 Pro 5G,195,12,32,108,N/A,N/A,MediaTek Dimensity 9000,5300,6.8,2499,399,1499,2024,72999,27999
Infinix,Note 40 Racing Edition,196,12,32,108,N/A,N/A,MediaTek Dimensity 9200,5500,6.9,2999,449,1699,2024,89999,32999
Infinix,Hot 40,196,8,32,50,N/A,N/A,MediaTek Helio G88,5000,6.8,1199,199,749,2023,35999,12499
Infinix,Hot 40i,195,4,8,13,N/A,N/A,Unisoc T606,5000,6.6,999,159,599,2023,28999,10999
Infinix,Hot 40 Pro,195,8,32,108,N/A,N/A,MediaTek Helio G99,5000,6.8,1399,229,849,2023,39999,14999
Infinix,Zero 40,195,12,50,108,N/A,N/A,MediaTek Dimensity 8200,5000,6.8,2199,349,1299,2024,69999,24999
Infinix,Zero 40 5G,195,12,50,108,N/A,N/A,MediaTek Dimensity 8200,5000,6.8,2299,379,1399,2024,74999,27999
Infinix,Zero Flip,190,8,32,108,N/A,N/A,Qualcomm Snapdragon 778G,4500,6.7,2499,399,1499,2024,89999,32999
Infinix,Note 40,190,8,32,108,N/A,N/A,MediaTek Helio G99,5000,6.8,1799,279,999,2024,45999,17999
Infinix,Note 40 Pro,190,12,32,108,N/A,N/A,MediaTek Dimensity 8100,5000,6.8,2199,329,1199,2024,59999,22999
Infinix,Hot 30 128GB,196,8,8,50,N/A,N/A,MediaTek Helio G88,5000,6.8,1199,199,749,2023,35999,12499
Infinix,Hot 30i 128GB,191,4,8,13,N/A,N/A,Unisoc T606,5000,6.6,999,159,599,2023,28999,10999
Infinix,Hot 30i NFC 128GB,191,4,8,13,N/A,N/A,Unisoc T606,5000,6.6,999,159,599,2023,29999,11499
Infinix,Hot 30 Play 128GB,205,4,8,16,N/A,N/A,MediaTek Helio G37,6000,6.8,1099,179,649,2023,30999,11999
Infinix,Hot 30 5G 128GB,202,8,8,50,N/A,N/A,MediaTek Dimensity 810,5000,6.8,1499,239,899,2023,41999,17999
Infinix,Zero 30 256GB,185,8,50,108,N/A,N/A,MediaTek Dimensity 8020,5000,6.8,2199,349,1299,2023,69999,26999
Infinix,Zero 30 5G 256GB,185,12,50,108,N/A,N/A,MediaTek Dimensity 8020,5000,6.8,2299,379,1399,2023,74999,29999
Infinix,GT 10 Pro 256GB,187,8,32,108,N/A,N/A,MediaTek Dimensity 8050,5000,6.7,2599,399,1499,2023,84999,32999
Infinix,Hot 12 128GB,195,6,8,13,N/A,N/A,MediaTek Helio G85,5000,6.8,1099,179,649,2022,28999,11499
Infinix,Hot 12 Play 128GB,209,4,8,13,N/A,N/A,Unisoc T610,6000,6.8,999,159,599,2022,24999,10499
Infinix,Hot 12 Pro 128GB,191,8,8,50,N/A,N/A,Unisoc T616,5000,6.6,1199,199,749,2022,31999,12999
Infinix,Hot 12i 64GB,190,4,8,13,N/A,N/A,MediaTek Helio A22,5000,6.6,899,139,499,2022,22999,9999
Infinix,Hot 20 128GB,198,6,8,50,N/A,N/A,MediaTek Helio G85,5000,6.8,1199,199,749,2022,30999,12999
Infinix,Hot 20 Play 128GB,209,4,8,13,N/A,N/A,MediaTek Helio G37,6000,6.8,999,159,599,2022,25999,10999
Infinix,Hot 20s 128GB,202,8,8,50,N/A,N/A,MediaTek Helio G96,5000,6.8,1399,219,799,2022,34999,14999
Infinix,Hot 20 5G 128GB,204,6,8,50,N/A,N/A,MediaTek Dimensity 810,5000,6.6,1499,239,899,2022,38999,16999
Infinix,Hot 20i 64GB,195,4,8,13,N/A,N/A,MediaTek Helio G25,5000,6.6,899,139,499,2022,21999,9499
Infinix,Hot 10T 128GB,205,4,8,48,N/A,N/A,MediaTek Helio G70,5000,6.8,999,149,549,2021,23999,10499
Infinix,Hot 10S 128GB,211,6,8,48,N/A,N/A,MediaTek Helio G85,6000,6.8,1099,169,599,2021,25999,11999
Infinix,Hot 10S NFC 128GB,211,6,8,48,N/A,N/A,MediaTek Helio G85,6000,6.8,1199,179,649,2021,26999,12499
Infinix,Hot 10 Lite 64GB,195,3,8,13,N/A,N/A,MediaTek Helio A25,5000,6.6,699,109,399,2020,19999,7999
Infinix,Hot 10 Play 64GB,207,4,8,13,N/A,N/A,MediaTek Helio G25,6000,6.8,899,139,499,2021,22999,9499
Infinix,Hot 11 128GB,201,4,8,13,N/A,N/A,MediaTek Helio G70,5200,6.6,999,159,599,2021,24999,10999
Infinix,Hot 11 Play 128GB,209,4,8,13,N/A,N/A,MediaTek Helio G35,6000,6.8,1099,169,649,2021,25999,11499
Infinix,Hot 11s 128GB,205,6,8,50,N/A,N/A,MediaTek Helio G88,5000,6.8,1299,189,699,2021,27999,12999
Infinix,Smart HD 32GB,195,2,5,8,N/A,N/A,MediaTek Helio A20,5000,6.1,499,79,299,2020,15999,5999
Infinix,Note 8i 128GB,210,6,8,48,N/A,N/A,MediaTek Helio G80,5200,6.8,1199,199,749,2020,29999,12999
Infinix,Hot 10 Lite 64GB,195,3,8,13,N/A,N/A,MediaTek Helio A25,5000,6.6,699,109,399,2020,19999,7999
Infinix,Note 8 128GB,210,6,16,64,N/A,N/A,MediaTek Helio G80,5200,7,1499,229,899,2020,34999,15999
Infinix,Zero 8i 128GB,210,8,16,48,N/A,N/A,MediaTek Helio G90T,4500,6.9,1599,249,999,2020,39999,17999
Infinix,Hot 10 128GB,204,4,8,16,N/A,N/A,MediaTek Helio G70,5200,6.8,999,159,599,2020,24999,10999
Infinix,Zero 8 128GB,205,8,48,64,N/A,N/A,MediaTek Helio G90T,4500,6.9,1799,279,1099,2020,44999,19999
Infinix,Smart 5 64GB,195,3,8,13,N/A,N/A,MediaTek Helio A20,5000,6.6,599,99,349,2020,18999,7499
Honor,9X Lite,175,4,8,48,N/A,N/A,Kirin 710F,3750,6.5,1499,219,799,2020,39999,15999
Honor,,185,8,32,40,N/A,N/A,Kirin 985 5G,4000,6.5,2999,449,1599,2020,74999,29999
Honor,30 Pro,190,8,32,50,N/A,N/A,Kirin 990 5G,4000,6.6,3999,599,2199,2020,94999,39999
Honor,30 Pro+,192,12,32,50,N/A,N/A,Kirin 990 5G,4000,6.6,4499,699,2599,2020,109999,45999
Honor,30S,190,6,16,64,N/A,N/A,Kirin 820 5G,4000,6.5,2299,349,1299,2020,54999,22999
Honor,X10,203,6,16,40,N/A,N/A,Kirin 820 5G,4300,6.6,2099,319,1149,2020,48999,19999
Honor,X10 Max,227,8,8,48,N/A,N/A,MediaTek Dimensity 800,5000,7.1,2499,379,1399,2020,64999,25999
Honor,Play 4,213,6,16,64,N/A,N/A,MediaTek Dimensity 800,4300,6.8,2299,349,1249,2020,49999,21999
Honor,Play 4 Pro,213,8,32,40,N/A,N/A,Kirin 990 5G,4200,6.6,3499,549,1999,2020,74999,29999
Honor,10X Lite,206,4,8,48,N/A,N/A,Kirin 710A,5000,6.7,1499,229,849,2020,34999,13999
Honor,V40,189,8,16,50,N/A,N/A,MediaTek Dimensity 1000+,4000,6.7,3999,599,2199,2021,89999,37999
Honor,,175,8,32,108,N/A,N/A,Qualcomm Snapdragon 778G,4300,6.6,2699,549,2049,2021,89999,37999
Honor,50 Pro,187,8,32,108,N/A,N/A,Qualcomm Snapdragon 778G,4000,6.7,3699,649,2499,2021,109999,44999
Honor,50 SE,191,8,16,108,N/A,N/A,MediaTek Dimensity 900,4000,6.8,2399,449,1699,2021,74999,29999
Honor,X20,192,6,16,64,N/A,N/A,MediaTek Dimensity 900,4300,6.7,2299,379,1399,2021,64999,25999
Honor,X20 SE,179,6,16,64,N/A,N/A,MediaTek Dimensity 700,4000,6.6,1799,299,1199,2021,54999,22999
Honor,Play 5,179,8,16,64,N/A,N/A,MediaTek Dimensity 800U,3800,6.5,2099,319,1149,2021,49999,19999
Honor,Play 5T,191,6,8,13,N/A,N/A,Unisoc T610,5000,6.5,1499,219,799,2021,34999,14999
Honor,Magic3,202,8,13,50,N/A,N/A,Qualcomm Snapdragon 888,4600,6.8,4599,899,3299,2021,159999,64999
Honor,Magic3 Pro,213,8,13,50,N/A,N/A,Qualcomm Snapdragon 888+,4600,6.8,5499,1099,3999,2021,189999,74999
Honor,Magic3 Pro+,236,12,13,50,N/A,N/A,Qualcomm Snapdragon 888+,4600,6.8,6499,1299,4599,2021,219999,84999
Honor,,179,8,32,108,N/A,N/A,Qualcomm Snapdragon 778G,4800,6.7,2699,549,2049,2021,99999,41999
Honor,60 Pro,192,8,50,108,N/A,N/A,Qualcomm Snapdragon 778G+,4800,6.8,3699,649,2599,2021,124999,49999
Honor,60 SE,191,8,16,64,N/A,N/A,MediaTek Dimensity 900,4300,6.7,2399,449,1699,2021,74999,29999
Honor,X30,189,6,16,48,N/A,N/A,Qualcomm Snapdragon 695,4800,6.8,2099,379,1299,2021,69999,27999
Honor,X30i,175,6,16,48,N/A,N/A,MediaTek Dimensity 810,4000,6.7,1799,299,1099,2021,54999,22999
Honor,X30 Max,228,8,8,64,N/A,N/A,MediaTek Dimensity 900,5000,7.1,2399,499,1899,2021,89999,35999
Honor,Play 6,190,6,5,13,N/A,N/A,MediaTek MT6762G Helio G25,5000,6.5,1199,179,699,2022,29999,12999
Honor,Play 6T,198,6,5,13,N/A,N/A,MediaTek Dimensity 700,5000,6.7,1499,229,799,2022,39999,16999
Honor,Magic4,199,8,12,50,N/A,N/A,Qualcomm Snapdragon 8 Gen 1,4800,6.8,4699,899,3299,2022,179999,72999
Honor,Magic4 Pro,215,8,12,50,N/A,N/A,Qualcomm Snapdragon 8 Gen 1,4600,6.8,5499,1099,3999,2022,209999,84999
Honor,Magic4 Ultimate,242,12,12,50,N/A,N/A,Qualcomm Snapdragon 8 Gen 1,4600,6.8,6799,1299,4599,2022,249999,99999
Honor,Magic V,288,12,42,50,N/A,N/A,Qualcomm Snapdragon 8 Gen 1,4750,7.9,9999,1799,6599,2022,349999,149999
Honor,,178,8,32,54,N/A,N/A,Qualcomm Snapdragon 778G+,4800,6.7,2699,549,2099,2022,119999,46999
Honor,70 Pro,192,8,50,54,N/A,N/A,MediaTek Dimensity 8000,4500,6.8,3699,699,2699,2022,149999,59999
Honor,70 Pro+,209,12,50,54,N/A,N/A,MediaTek Dimensity 9000,4500,6.8,4299,799,3199,2022,179999,69999
Honor,X40,172,6,8,50,N/A,N/A,Qualcomm Snapdragon 695,5100,6.7,1499,299,1099,2022,64999,26999
Honor,X40i,175,6,8,50,N/A,N/A,MediaTek Dimensity 700,4000,6.7,1799,279,999,2022,49999,22999
Honor,Play 7,196,4,5,13,N/A,N/A,MediaTek Helio G37,5200,6.7,1099,159,599,2023,29999,12499
Honor,Play 7T,199,6,5,13,N/A,N/A,MediaTek Dimensity 6020,5200,6.7,1299,199,749,2023,34999,14999
Honor,Magic5,204,8,12,50,N/A,N/A,Qualcomm Snapdragon 8 Gen 2,5100,6.8,4999,999,3599,2023,199999,79999
Honor,Magic5 Pro,219,12,12,50,N/A,N/A,Qualcomm Snapdragon 8 Gen 2,5100,6.8,6199,1199,4399,2023,249999,99999
Honor,Magic5 Ultimate,234,16,12,50,N/A,N/A,Qualcomm Snapdragon 8 Gen 2,5450,6.8,7499,1399,5199,2023,299999,119999
Honor,Magic Vs,267,12,16,50,N/A,N/A,Qualcomm Snapdragon 8+ Gen 1,5000,7.9,9999,1699,6199,2023,369999,149999
Honor,,180,8,32,160,N/A,N/A,Qualcomm Snapdragon 782G,4800,6.7,2699,549,2099,2022,119999,46999
Honor,80 Pro,193,12,50,160,N/A,N/A,Qualcomm Snapdragon 8+ Gen 1,4800,6.8,4199,799,3099,2022,169999,69999
Honor,80 SE,175,8,32,64,N/A,N/A,MediaTek Dimensity 900,4600,6.7,1999,399,1599,2022,84999,34999
Honor,X50,185,6,8,108,N/A,N/A,Qualcomm Snapdragon 6 Gen 1,5800,6.8,1599,299,1099,2023,74999,28999
Honor,X50i,179,6,8,100,N/A,N/A,MediaTek Dimensity 6020,4500,6.7,1399,249,899,2023,54999,21999
Honor,Play 8,191,4,5,13,N/A,N/A,MediaTek Helio G36,5000,6.5,999,149,549,2023,27999,11499
Honor,Play 8T,195,6,5,50,N/A,N/A,MediaTek Dimensity 6100+,5200,6.7,1199,189,699,2023,32999,13999
Honor,Magic6,203,8,12,50,N/A,N/A,Qualcomm Snapdragon 8 Gen 3,5200,6.8,5499,1099,3999,2024,219999,89999
Honor,Magic6 Pro,219,12,12,50,N/A,N/A,Qualcomm Snapdragon 8 Gen 3,5500,6.8,6999,1299,4699,2024,269999,109999
Honor,Magic6 Ultimate,234,16,12,50,N/A,N/A,Qualcomm Snapdragon 8 Gen 3,5550,6.8,8199,1499,5499,2024,319999,129999
Honor,Magic V2,231,12,16,50,N/A,N/A,Qualcomm Snapdragon 8 Gen 2,5000,7.9,10999,1899,6999,2024,389999,159999
Honor,,183,12,50,200,N/A,N/A,Qualcomm Snapdragon 7 Gen 1,5000,6.7,2999,599,2199,2023,139999,54999
Honor,90 Pro,192,12,50,200,N/A,N/A,Qualcomm Snapdragon 8+ Gen 1,5000,6.8,3999,699,2799,2023,169999,64999
Honor,90 SE,175,8,32,64,N/A,N/A,MediaTek Dimensity 900,4600,6.7,1999,399,1599,2023,84999,34999
Honor,X60,185,6,8,108,N/A,N/A,Qualcomm Snapdragon 6 Gen 1,5800,6.8,1599,299,1099,2023,74999,28999
Honor,X60i,179,6,8,100,N/A,N/A,MediaTek Dimensity 6020,4500,6.7,1399,249,899,2023,54999,21999
Honor,Play 9,191,4,5,13,N/A,N/A,MediaTek Helio G36,5000,6.5,999,149,549,2023,27999,11499
Honor,Play 9T,195,6,5,50,N/A,N/A,MediaTek Dimensity 6100+,5200,6.7,1199,189,699,2023,32999,13999
Honor,Magic7,203,8,12,50,N/A,N/A,Qualcomm Snapdragon 8 Gen 3,5200,6.8,5499,1099,3999,2024,219999,89999
Honor,Magic7 Pro,219,12,12,50,N/A,N/A,Qualcomm Snapdragon 8 Gen 3,5500,6.8,6999,1299,4699,2024,269999,109999
Honor,Magic7 Ultimate,234,16,12,50,N/A,N/A,Qualcomm Snapdragon 8 Gen 3,5550,6.8,8199,1499,5499,2024,319999,129999
Honor,Magic V3,231,12,16,50,N/A,N/A,Qualcomm Snapdragon 8 Gen 2,5000,7.9,10999,1899,6999,2024,389999,159999
Honor,Pad 6,460,4,2,5,N/A,N/A,Qualcomm Snapdragon 662,5100,10.1,1299,199,749,2020,49999,17999
Honor,Pad X6,460,3,2,5,N/A,N/A,MediaTek MT8768T,5100,9.7,999,159,599,2020,39999,14999
Honor,Pad 7,460,4,2,5,N/A,N/A,MediaTek Helio G80,5100,10.1,1399,229,849,2021,54999,19999
Honor,Tablet V7,480,6,8,13,N/A,N/A,MediaTek Dimensity 800,7250,10.4,2199,399,1499,2021,84999,34999
Honor,Tablet V7 Pro,485,8,8,13,N/A,N/A,MediaTek Dimensity 1300T,7250,11,2899,499,1799,2021,109999,44999
Honor,Pad 8,520,6,5,5,N/A,N/A,Qualcomm Snapdragon 680,7250,12,1599,299,1099,2022,69999,24999
Honor,Pad X8,460,4,2,5,N/A,N/A,MediaTek Helio G80,5100,10.1,1199,189,699,2022,44999,16999
Honor,Pad X8 Lite,450,3,2,5,N/A,N/A,MediaTek MT8786,5000,9.7,999,149,549,2022,34999,12999
Honor,Pad V8,510,6,5,13,N/A,N/A,MediaTek Dimensity 8020,7250,11,2499,449,1599,2023,94999,39999
Honor,Pad V8 Pro,530,8,8,13,N/A,N/A,MediaTek Dimensity 9000,8500,12.1,3599,649,2299,2023,129999,54999
Honor,Pad 9,550,8,8,13,N/A,N/A,Qualcomm Snapdragon 6 Gen 1,8300,12.1,2299,399,1499,2024,84999,34999
Honor,Pad 9 Pro,560,12,8,13,N/A,N/A,MediaTek Dimensity 8100,9000,12.6,2999,499,1799,2024,109999,44999
Honor,Pad X9,495,6,5,8,N/A,N/A,Qualcomm Snapdragon 685,7250,11.5,1599,299,1099,2023,59999,22999
Honor,Pad X8 Pro,460,4,2,5,N/A,N/A,MediaTek Helio G80,5100,10.1,1199,189,699,2023,44999,16999
Honor,MagicPad 13,590,12,8,13,N/A,N/A,Qualcomm Snapdragon 8+ Gen 1,10000,13,3999,799,2999,2023,149999,64999
Honor,MagicPad 2,580,16,12,16,N/A,N/A,Qualcomm Snapdragon 8 Gen 2,10500,13.2,4499,899,3299,2024,179999,74999
Honor,Pad X8a,450,4,2,5,N/A,N/A,MediaTek MT8786,5000,9.7,999,149,549,2023,34999,12999
Honor,Pad X8a Kids Edition,460,3,2,5,N/A,N/A,MediaTek MT8786,5100,9.7,799,129,499,2023,29999,10999
Honor,Pad X9 Pro,505,8,8,13,N/A,N/A,Qualcomm Snapdragon 7s Gen 2,8000,11.6,2199,399,1499,2024,79999,29999
Honor,Pad V9,530,8,8,13,N/A,N/A,MediaTek Dimensity 9000,8500,12.1,3599,649,2299,2024,129999,54999
Honor,Pad GT Pro,610,12,12,16,N/A,N/A,Qualcomm Snapdragon 8 Gen 3,10500,13.5,4999,999,3799,2024,199999,84999
Honor,Pad X10,475,6,5,8,N/A,N/A,Qualcomm Snapdragon 685,8850,12.1,2299,399,1499,2024,74999,29999
Honor,Pad X10 Pro,485,8,8,13,N/A,N/A,Qualcomm Snapdragon 7s Gen 2,9000,12.6,2999,499,1799,2024,94999,39999
Honor,MagicPad 3,590,12,12,16,N/A,N/A,Qualcomm Snapdragon 8 Gen 3,10500,13,3999,799,2999,2024,149999,64999
Honor,Pad V10,530,8,8,13,N/A,N/A,MediaTek Dimensity 9000,8500,12.1,3599,649,2299,2024,129999,54999
POCO,F2 Pro 128GB,219,6,20,64,N/A,N/A,Snapdragon 865,4700,6.7,2999,499,1999,2020,99999,37999
POCO,M2 Pro 64GB,209,4,16,48,N/A,N/A,Snapdragon 720G,5000,6.7,1399,199,799,2020,34999,13999
POCO,X3 NFC 128GB,215,6,20,64,N/A,N/A,Snapdragon 732G,5160,6.7,1599,229,899,2020,39999,16999
POCO,M3 64GB,198,4,8,48,N/A,N/A,Snapdragon 662,6000,6.5,999,149,599,2020,24999,10999
POCO,F3 128GB,196,6,20,48,N/A,N/A,Snapdragon 870,4520,6.7,2499,349,1399,2021,69999,29999
POCO,X3 Pro 128GB,215,6,20,48,N/A,N/A,Snapdragon 860,5160,6.7,1799,249,999,2021,49999,18999
POCO,M3 Pro 5G 64GB,190,4,8,48,N/A,N/A,MediaTek Dimensity 700,5000,6.5,1199,199,799,2021,29999,13999
POCO,F3 GT 128GB,205,6,16,64,N/A,N/A,MediaTek Dimensity 1200,5065,6.7,2299,399,1499,2021,79999,25999
POCO,X3 GT 128GB,193,6,16,64,N/A,N/A,MediaTek Dimensity 1100,5000,6.6,1899,279,1099,2021,44999,21999
POCO,M4 Pro 5G 128GB,195,4,16,50,N/A,N/A,MediaTek Dimensity 810,5000,6.6,1499,219,849,2021,34999,14999
POCO,F4 128GB,195,6,20,64,N/A,N/A,Snapdragon 870,4500,6.7,2399,349,1399,2022,74999,27999
POCO,F4 GT 128GB,210,8,20,64,N/A,N/A,Snapdragon 8 Gen 1,4700,6.7,3299,499,1999,2022,99999,39999
POCO,X4 Pro 5G 128GB,205,6,16,108,N/A,N/A,Snapdragon 695,5000,6.7,1999,299,1199,2022,54999,18999
POCO,M4 Pro 128GB,179,6,16,64,N/A,N/A,MediaTek Helio G96,5000,6.4,1499,219,849,2022,39999,14999
POCO,M5 128GB,201,4,5,50,N/A,N/A,MediaTek Helio G99,5000,6.6,1299,199,799,2022,29999,12499
POCO,M5s 128GB,179,4,13,64,N/A,N/A,MediaTek Helio G95,5000,6.4,1399,229,899,2022,34999,13999
POCO,F5 128GB,181,6,16,64,N/A,N/A,Snapdragon 7+ Gen 2,5000,6.7,2299,349,1299,2023,79999,29999
POCO,F5 Pro 256GB,204,8,20,64,N/A,N/A,Snapdragon 8+ Gen 1,5160,6.7,3299,499,1899,2023,99999,39999
POCO,X5 128GB,189,6,13,48,N/A,N/A,Snapdragon 695,5000,6.7,1799,279,1099,2023,54999,18999
POCO,X5 Pro 128GB,181,6,16,108,N/A,N/A,Snapdragon 778G,5000,6.7,2199,329,1199,2023,64999,22999
POCO,M6 64GB,199,4,8,50,N/A,N/A,MediaTek Helio G88,5000,6.6,1299,199,799,2023,29999,12999
POCO,M6 Pro 128GB,202,6,8,50,N/A,N/A,Snapdragon 4 Gen 1,5000,6.8,1499,219,849,2023,34999,14999
POCO,X6 128GB,193,6,16,64,N/A,N/A,MediaTek Dimensity 8100,5000,6.7,2299,349,1299,2024,59999,21999
POCO,X6 Pro 256GB,205,8,20,108,N/A,N/A,MediaTek Dimensity 8300,5000,6.7,2599,399,1499,2024,69999,24999
POCO,F6 128GB,190,6,20,64,N/A,N/A,Snapdragon 8 Gen 2,5000,6.7,2999,449,1699,2024,89999,34999
POCO,F6 Pro 256GB,210,8,20,108,N/A,N/A,Snapdragon 8+ Gen 2,5160,6.7,3499,549,1999,2024,109999,44999
POCO,C65 64GB,190,4,5,50,N/A,N/A,MediaTek Helio G85,5000,6.5,999,149,599,2024,24999,10999
POCO,X7 128GB,195,6,16,64,N/A,N/A,MediaTek Dimensity 8200,5000,6.7,2199,329,1199,2025,64999,22999
POCO,X7 Pro 256GB,207,8,20,108,N/A,N/A,MediaTek Dimensity 8400,6000,6.7,2699,399,1499,2025,79999,27999
POCO,M7 5G 128GB,198,6,8,50,N/A,N/A,MediaTek Dimensity 7025,5110,6.7,1599,229,899,2024,39999,15999
Poco,Pad 5G 128GB,571,8,8,8,N/A,N/A,Snapdragon 7s Gen 2,10000,12.1,2099,280,1029,2024,66220,23999
Poco,Pad 5G 256GB,571,8,8,8,N/A,N/A,Snapdragon 7s Gen 2,10000,12.1,2299,300,1099,2024,71220,25999
Samsung,Galaxy Z Fold6 256GB,239,12,10,50,N/A,N/A,Snapdragon 8 Gen 3,4400,7.6,13999,1899,7199,2024,604999,164999
Samsung,Galaxy Z Fold6 512GB,239,12,10,50,N/A,N/A,Snapdragon 8 Gen 3,4400,7.6,15999,1719,7699,2024,544999,176999
Samsung,Galaxy Z Fold6 1TB,239,12,10,50,N/A,N/A,Snapdragon 8 Gen 3,4400,7.6,17999,2259,8699,2024,N/A,200999
